tree
version=v4
num_class=1
num_tree_per_iteration=1
label_index=0
max_feature_idx=34
objective=binary sigmoid:1
feature_names=amount_inr log_amount amount_to_order_ratio window_hours reason_is_fraud reason_is_non_receipt reason_is_not_as_described reason_is_credit_not_processed network_is_visa pod_present pod_verified pod_low_confidence pod_signature_captured pod_scan_count pod_ocr_confidence delivery_lag_hours delivered_before_dispute recipient_name_match delivery_address_match prior_dispute_count account_age_days login_to_order_minutes ip_offshore_distance_km ip_is_offshore user_agent_is_mobile merchant_comms_count refund_requested avs_match cvv_match three_ds_authenticated three_ds_failed liability_shift billing_shipping_match item_count evidence_completeness_score
feature_infos=[149:80000] [5.0106352940962555:11.289794413577894] [0.35052248193821817:1] [168.20003322027779:719.99684849444441] [0:1] [0:1] [0:1] [0:1] [0:1] [0:1] [0:1] [0:1] [0:1] [0:14] [0:0.98999999999999999] [-1:239.96197034361111] [0:1] [0:1] [0:1] [0:7] [0.021953769618055556:1399.6130503928357] [0.051960683333333334:89.995384583333333] [365.09458388330768:12693.404833639355] [0:1] [0:1] [0:9] [0:1] [0:1] [0:1] [0:1] [0:1] [0:1] [0.28260869565217389:1] [1:4] [0:1]
tree_sizes=3437 3474 3496 3494 3470 3498 3481 3519 3490 3474 3478 3463 3504 3495 3485 3475 3484 3481 3486 3459 3490 3451 3492 3473 3476 3455 3484 3455 3460 3482 3469 3465 3483 3468 3483 3472 3484 3466 3470 3504 3483 3478 3463 3467 3483 3477 3476 3467 3475 3446 3464 3483 3435 3482 3463 3452 3450 3478 3465 3435 3481 3457 3448 3477 3461 3455 3455 3476 3445 3349 3454 3456 3455 3232 3442 3493

Tree=0
num_leaves=31
num_cat=0
split_feature=34 5 29 15 29 6 5 34 19 19 34 19 14 14 19 29 25 19 19 22 14 19 1 26 14 21 7 6 21 1
split_gain=913.838 449.993 571.444 153.406 122.075 99.2477 82.4577 77.3513 59.2264 55.9776 28.2012 24.1679 22.422 22.3166 20.9314 19.0084 15.7198 15.5447 12.8981 11.9704 11.034 11.019 8.89139 8.2798 8.01725 7.59564 7.21836 8.44718 7.05233 6.93672
threshold=0.39166666666666677 1.0000000180025095e-35 1.0000000180025095e-35 1.0000000180025095e-35 1.0000000180025095e-35 1.0000000180025095e-35 1.0000000180025095e-35 0.61966873706004155 1.0000000180025095e-35 1.0000000180025095e-35 0.28333333333333338 1.0000000180025095e-35 0.67240000000000011 0.6261500000000001 1.0000000180025095e-35 1.0000000180025095e-35 2.5000000000000004 1.5000000000000002 1.5000000000000002 1107.5395597953818 0.32095000000000001 1.5000000000000002 8.0229394899026278 1.0000000180025095e-35 0.62045000000000006 17.902417658333338 1.0000000180025095e-35 1.0000000180025095e-35 42.587185958333343 8.2687728566509868
decision_type=2 2 2 2 2 2 2 2 2 2 2 2 2 2 2 2 2 2 2 2 2 2 2 2 2 2 2 2 2 2
left_child=4 2 5 19 10 -2 8 14 -6 13 21 -9 29 22 28 -13 -12 -8 -7 20 25 26 -4 -10 -16 -3 27 -1 -5 -11
right_child=1 3 9 7 6 18 17 11 23 12 16 15 -14 -15 24 -17 -18 -19 -20 -21 -22 -23 -24 -25 -26 -27 -28 -29 -30 -31
leaf_value=-0.56458557934565701 -0.55757233231541214 -0.47131093076211406 -0.51931584596253033 -0.52333225856726717 -0.52310251326443336 -0.51797115368569802 -0.55002427556590516 -0.44937905882335594 -0.46768423667018078 -0.47056388410376065 -0.4973929599235658 -0.43436258522145399 -0.43144018731227801 -0.46208068692448961 -0.47412437508517208 -0.40930782124572068 -0.53745750674354775 -0.51353620793839916 -0.48671881402928258 -0.47081301456118796 -0.53173509032058464 -0.54058965136710646 -0.48840946466527718 -0.49814803492412923 -0.43689287758876405 -0.5089526055614193 -0.54112125250933873 -0.54337209350523119 -0.48255249726146093 -0.44938562893805106
leaf_weight=243.74499374628067 248.44142907857895 15.263414829969404 32.405403792858124 18.550919562578201 89.936736613512039 76.317074149847031 103.08675554394722 106.37426027655602 86.179588347673416 76.551895916461945 23.012533128261566 161.32255366444588 93.928706645965576 45.320600956678391 36.162552058696747 126.80375397205353 131.50018930435181 31.466116726398468 39.91970032453537 19.490206629037857 27.474146693944931 105.90461674332619 42.267917990684509 23.24735489487648 19.020563095808029 31.935760259628296 52.365253955125809 54.713471621274948 14.324127763509749 63.871520519256592
leaf_count=1038 1058 65 138 79 383 325 439 453 367 326 98 687 400 193 154 540 560 134 170 83 117 451 180 99 81 136 223 233 61 272
internal_value=-0.502848 -0.478312 -0.502076 -0.448739 -0.536475 -0.541568 -0.514548 -0.438506 -0.496169 -0.461438 -0.548415 -0.429995 -0.448669 -0.486619 -0.47703 -0.42305 -0.531492 -0.541631 -0.507189 -0.501307 -0.509589 -0.554066 -0.501858 -0.474052 -0.46034 -0.496372 -0.558016 -0.560844 -0.50548 -0.460619
internal_weight=2240.9 1295.75 719.024 576.722 945.158 364.678 333.917 482.559 199.364 354.346 611.241 394.501 234.352 119.994 88.0582 288.126 154.513 134.553 116.237 94.1635 74.6733 456.728 74.6733 109.427 55.1831 47.1992 350.824 298.458 32.875 140.423
internal_count=9543 5518 3062 2456 4025 1553 1422 2055 849 1509 2603 1680 998 511 375 1227 658 573 495 401 318 1945 318 466 235 201 1494 1271 140 598
is_linear=0
shrinkage=1


Tree=1
num_leaves=31
num_cat=0
split_feature=15 5 29 29 6 19 14 5 14 29 19 19 9 20 14 23 0 20 20 5 20 21 20 20 20 10 0 19 29 19
split_gain=820.526 454.375 489.815 202.863 90.3834 84.9235 67.8643 49.1464 37.2832 33.9673 28.4355 22.7417 21.7082 15.8502 13.1514 12.4936 14.0135 11.7785 11.7351 11.4693 11.3991 13.4494 12.8789 10.8208 10.455 9.15589 9.07079 8.69997 8.06037 6.52241
threshold=1.0000000180025095e-35 1.0000000180025095e-35 1.0000000180025095e-35 1.0000000180025095e-35 1.0000000180025095e-35 1.0000000180025095e-35 0.59715000000000007 1.0000000180025095e-35 0.6372000000000001 1.0000000180025095e-35 1.0000000180025095e-35 1.0000000180025095e-35 1.0000000180025095e-35 903.78341161067135 0.59415000000000007 1.0000000180025095e-35 8192.2300000000014 110.13957020651043 198.13919551241324 1.0000000180025095e-35 110.13957020651043 1.4345186583333336 1.5073250834259262 487.99870104690399 503.45981626993643 1.0000000180025095e-35 1532.7600000000004 2.5000000000000004 1.0000000180025095e-35 2.5000000000000004
decision_type=2 2 2 2 2 2 2 2 2 2 2 2 2 2 2 2 2 2 2 2 2 2 2 2 2 2 2 2 2 2
left_child=3 2 4 10 -2 19 11 20 15 25 -1 23 29 -10 -6 16 -4 -13 -14 -5 22 -22 -7 -3 -21 26 -8 -9 -19 -12
right_child=1 6 8 5 14 7 9 27 13 -11 12 17 18 -15 -16 -17 -18 28 -20 24 21 -23 -24 -25 -26 -27 -28 -29 -30 -31
leaf_value=-0.052018302962436098 -0.052363027273189998 -0.0059541606967614142 0.010843843848183442 -0.015622930070765491 -0.024042479248784172 0.0073077654667281517 0.061890351197425197 -0.019166607025728415 0.068630673273123166 0.08943066279530397 -0.041669298979011296 0.068441194575151937 0.016804421089945488 0.030307616180912159 0.0091548384351999509 0.061937561726218733 0.052345243809630279 0.023252314399979407 -0.024711828818595894 -0.01682347807559743 0.051203138935453557 0.011505905875112679 0.057240176232123595 0.031484785113807319 -0.047779965141802265 0.063632358242588047 0.014823757630586316 0.015944731570263247 0.055650758752090024 -0.024619941943225997
leaf_weight=328.42931962013245 217.89496377110481 28.876761555671692 75.60493777692318 133.8868854790926 35.173734664916992 14.443777769803999 14.488745391368864 77.532389685511589 120.7404683381319 134.20054347813129 232.85196505486965 39.318807452917099 23.1607695966959 29.517105415463448 71.822827622294426 16.548245295882225 20.368549972772598 42.044091194868088 31.265664845705032 37.320756822824478 20.585530161857605 91.837737694382668 40.263910293579102 32.404307290911674 59.365690216422081 155.15280406177044 19.699022471904755 16.667973816394806 26.541190966963768 63.279635429382324
leaf_count=1416 941 122 320 572 150 61 61 332 507 561 1003 165 99 124 306 70 86 177 134 160 87 388 170 137 255 651 83 71 111 272
internal_value=-0.000424167 0.0278444 0.00110611 -0.0265095 -0.0357942 -0.00448674 0.0596682 0.0130551 0.0466912 0.0717718 -0.0424342 0.0362362 -0.0333326 0.0613525 -0.00187992 0.0267449 0.0201007 0.0486027 -0.00706045 -0.0243391 0.0276466 0.0191621 0.044425 0.0140305 -0.0361254 0.0588514 0.0359625 -0.0128517 0.0364095 -0.0381212
internal_weight=2251.29 1080.4 587.671 1170.89 324.892 491.905 492.726 261.331 262.779 323.541 678.987 169.185 350.558 150.258 106.997 112.522 95.9735 107.904 54.4264 230.573 167.131 112.423 54.7077 61.2811 96.6864 189.341 34.1878 94.2004 68.5853 296.132
internal_count=9592 4572 2504 5020 1397 2096 2068 1109 1107 1356 2924 712 1508 631 456 476 406 453 233 987 706 475 231 259 415 795 144 403 288 1275
is_linear=0
shrinkage=0.045


Tree=2
num_leaves=31
num_cat=0
split_feature=34 5 29 29 15 6 5 19 14 19 9 29 20 19 19 14 19 19 7 26 14 6 20 26 34 20 21 6 22 34
split_gain=761.878 345.538 460.742 108.862 103.799 88.1991 66.8764 53.9986 47.8542 41.8767 28.7465 20.0095 19.8974 19.1564 18.5716 16.385 13.9093 13.7387 13.0622 51.5428 12.7186 11.5678 10.7785 9.51735 9.20585 7.86366 7.6529 7.49591 7.4242 7.3895
threshold=0.39166666666666677 1.0000000180025095e-35 1.0000000180025095e-35 1.0000000180025095e-35 1.0000000180025095e-35 1.0000000180025095e-35 1.0000000180025095e-35 1.0000000180025095e-35 0.59715000000000007 1.0000000180025095e-35 1.0000000180025095e-35 1.0000000180025095e-35 85.933612917656262 1.5000000000000002 1.0000000180025095e-35 0.66430000000000011 1.5000000000000002 1.0000000180025095e-35 1.0000000180025095e-35 1.0000000180025095e-35 0.63105000000000011 1.0000000180025095e-35 475.45772173652205 1.0000000180025095e-35 0.64083333333333348 110.13957020651043 8.3329374750000014 1.0000000180025095e-35 708.23641569084509 0.57921568627450981
decision_type=2 2 2 2 2 2 2 2 2 2 2 2 2 2 2 2 2 2 2 2 2 2 2 2 2 2 2 2 2 2
left_child=3 2 5 10 22 -2 9 12 17 28 14 29 -4 -7 27 23 -8 -6 21 -20 -14 -16 -3 -9 -19 -11 -27 -1 -5 -10
right_child=1 4 7 6 8 13 16 15 11 25 -12 -13 20 -15 18 -17 -18 24 19 -21 -22 -23 -24 -25 -26 26 -28 -29 -30 -31
leaf_value=-0.05615046127612134 -0.050411272050448395 0.021835336997975661 0.041726453837673656 0.0015617233982104844 0.017769100082640012 -0.01652718126493332 -0.043258647113223331 0.043587319140774475 0.024918315187100196 0.043486407525115178 0.0015706760150579844 0.080055900431860824 -0.010195967002680854 0.020709268809435789 -0.045605562792766036 0.063275664690738892 -0.0078602358739612369 0.027096609063384104 0.028906600786503305 -0.055317319416433711 0.025212074990860832 -0.019363146819466204 -0.0088943793206194503 0.0090033028139451729 0.055876427541570656 0.042215215819537862 0.0087268137674423318 -0.034001250961507176 -0.025121253027748442 0.059057139392610543
leaf_weight=233.67352795600891 238.11265709996223 39.579923838376999 33.95530366897583 32.113094240427017 56.972376838326454 75.428924769163132 98.479588404297829 117.6531874537468 16.027286782860756 32.48014760017395 28.914651364088058 134.74938274919987 60.199568599462509 43.146845832467079 195.40478390455246 103.59200431406498 29.697319447994232 38.725134715437889 26.480827644467354 30.847917526960373 29.927814766764641 43.732755750417709 52.808177262544632 19.340012684464455 66.424840986728668 17.419122308492661 58.562294095754623 42.392682775855064 60.039111360907555 178.7394522279501
leaf_count=1024 1043 169 143 138 240 323 428 493 67 136 124 554 256 183 851 429 127 162 115 134 125 190 227 81 275 73 247 185 258 741
internal_value=0.000314554 0.022484 0.00163974 -0.0307861 0.0481828 -0.0346751 -0.00992453 0.0371576 0.0563917 0.00630722 -0.0421549 0.0662804 0.0129061 -0.00291786 -0.0443621 0.0495603 -0.0351815 0.0360097 -0.0362753 -0.0165847 0.00170932 -0.040907 0.00436336 0.0388055 0.0456324 0.025153 0.0168529 -0.0528842 -0.0159059 0.0563895
internal_weight=2235.62 1305.38 721.356 930.238 584.027 356.688 328.791 364.668 491.638 200.614 601.447 329.516 124.083 118.576 572.532 240.585 128.177 162.122 296.466 57.3287 90.1274 239.138 92.3881 136.993 105.15 108.462 75.9814 276.066 92.1522 194.767
internal_count=9541 5511 3076 4030 2435 1549 1407 1527 2039 852 2623 1362 524 506 2499 1003 555 677 1290 249 381 1041 396 574 437 456 320 1209 396 808
is_linear=0
shrinkage=0.045


Tree=3
num_leaves=31
num_cat=0
split_feature=34 5 29 34 29 6 19 5 15 19 19 9 20 19 9 13 29 19 7 26 6 14 20 14 4 14 34 19 19 0
split_gain=666.174 318.891 416.218 110.585 91.2295 89.6922 55.2171 55.0979 45.3428 43.5864 26.969 26.4805 23.8762 20.2632 20.1358 27.3164 19.9827 16.5066 16.3445 53.7516 15.0788 14.612 12.5353 12.3905 12.1488 10.2581 8.67015 8.16474 7.67611 7.42273
threshold=0.39166666666666677 1.0000000180025095e-35 1.0000000180025095e-35 0.61966873706004155 1.0000000180025095e-35 1.0000000180025095e-35 1.0000000180025095e-35 1.0000000180025095e-35 1.0000000180025095e-35 1.0000000180025095e-35 1.0000000180025095e-35 1.0000000180025095e-35 85.933612917656262 1.0000000180025095e-35 1.0000000180025095e-35 1.0000000180025095e-35 1.0000000180025095e-35 1.0000000180025095e-35 1.0000000180025095e-35 1.0000000180025095e-35 1.0000000180025095e-35 0.74975000000000014 4.4650896075578714 0.59715000000000007 1.0000000180025095e-35 0.63445000000000007 0.5988095238095239 1.5000000000000002 1.5000000000000002 1517.8150000000003
decision_type=2 2 2 2 2 2 2 2 2 2 2 2 2 2 2 2 2 2 2 2 2 2 2 2 2 2 2 2 2 2
left_child=4 2 5 14 10 -2 12 9 -5 -6 -1 18 -4 -10 -3 -16 -15 -17 20 -20 -12 24 -9 26 -8 -14 -7 -24 -25 -11
right_child=1 3 6 8 7 23 21 22 13 29 11 -13 25 16 15 17 -18 -19 19 -21 -22 -23 27 28 -26 -27 -28 -29 -30 -31
leaf_value=-0.049974116413371815 -0.049826342924727825 -0.015104122560717255 0.041526076249214026 -0.0038280670064238017 -0.018497033297316532 -0.048713597984259345 0.024350873906833118 -0.0038041039488922964 0.043485120825311203 0.0020093014467328879 -0.044767853617244592 0.0204704582173009 -0.012523972674199316 0.055506968578191082 0.071214071478230431 -0.0088611391520338825 0.080305805725513837 0.027183140598895764 0.032927462221264317 -0.05245689470139122 -0.0147137891884328 0.066880450663602514 -0.045810332399322896 -0.002462714969445804 0.048825153150748826 0.018815007019073068 -0.0065355454920520608 -0.013257279945855915 0.026566037309200301 0.029845775010973723
leaf_weight=283.87141928076744 238.74453754723072 38.197514399886131 34.031150549650192 23.456027984619141 90.603952959179878 14.178525120019911 68.15675950050354 24.407883331179619 113.98446886241436 25.313558787107468 186.44011454284191 18.749328792095184 62.144726067781448 163.76906205713749 18.318954855203629 42.250767678022385 130.11177052557468 63.272377118468285 27.390914171934128 30.579432234168053 42.799252867698669 56.649308711290359 85.139709338545799 47.597038045525551 117.9667062908411 30.812777563929558 29.305501118302345 20.30043651163578 28.963925927877426 84.186926692724228
leaf_count=1262 1062 163 142 101 391 61 283 106 470 106 823 80 265 672 78 179 529 263 118 135 187 232 375 204 488 128 126 87 122 352
internal_value=5.32106e-05 0.02051 0.000553673 0.0449709 -0.0293376 -0.0339274 0.0340128 -0.0103465 0.056859 0.00447996 -0.0399258 -0.0304705 0.00986369 0.0603499 0.0131723 0.021945 0.0667214 0.0128035 -0.0338554 -0.0122387 -0.039245 0.0465524 -0.0330546 -0.00215723 0.0400409 -0.0020463 -0.0210742 -0.0397263 0.00872014 0.0234872
internal_weight=2241.69 1321.91 728.551 593.361 919.783 358.79 369.761 329.952 431.321 200.104 589.83 305.959 126.989 407.865 162.04 123.842 293.881 105.523 287.21 57.9703 229.239 242.773 129.848 120.045 186.123 92.9575 43.484 105.44 76.561 109.5
internal_count=9590 5568 3113 2455 4022 1575 1538 1417 1772 849 2605 1343 535 1671 683 520 1201 442 1263 253 1010 1003 568 513 771 393 187 462 326 458
is_linear=0
shrinkage=0.045


Tree=4
num_leaves=31
num_cat=0
split_feature=34 5 29 29 15 6 5 34 14 14 9 13 14 20 20 21 7 26 6 20 29 21 13 20 4 20 25 20 1 20
split_gain=630.771 280.959 388.328 95.0127 92.1715 82.6746 68.5878 44.4254 42.9203 25.9489 25.6046 17.1174 15.2571 14.0442 13.6632 13.5492 13.4295 54.7061 18.7368 14.4276 11.3262 11.2734 10.921 10.5051 9.82254 9.08935 8.44144 8.4198 7.14189 6.68052
threshold=0.37500000000000006 1.0000000180025095e-35 1.0000000180025095e-35 1.0000000180025095e-35 1.0000000180025095e-35 1.0000000180025095e-35 1.0000000180025095e-35 0.57921568627450981 0.61260000000000014 0.59715000000000007 1.0000000180025095e-35 6.5000000000000009 0.62975000000000014 896.64443095191552 110.13957020651043 2.5638064166666674 1.0000000180025095e-35 1.0000000180025095e-35 1.0000000180025095e-35 131.80398851914933 1.0000000180025095e-35 19.505653700000003 4.5000000000000009 396.65347363023153 1.0000000180025095e-35 4.4650896075578714 1.5000000000000002 291.92596618600697 7.8655851881376586 4.3840781141898155
decision_type=2 2 2 2 2 2 2 2 2 2 2 2 2 2 2 2 2 2 2 2 2 2 2 2 2 2 2 2 2 2
left_child=3 2 5 10 21 -2 14 29 11 22 16 24 26 -10 -5 -16 18 19 -1 -18 -11 -3 -9 -13 -4 -8 -7 -23 -29 -6
right_child=1 4 8 6 7 12 25 9 13 20 -12 23 -14 -15 15 -17 17 -19 -20 -21 -22 27 -24 -25 -26 -27 -28 28 -30 -31
leaf_value=-0.048701357472756127 -0.048156125859612972 0.024297806375257865 0.0098021508982428715 0.027637074965826146 0.03822902835121382 -0.04103372931407611 -0.010364860606371823 0.052994919493013957 0.055910167719372336 0.054113269772770173 0.0014267492183379475 0.012911539344774509 0.012723844315430532 0.024798567644893396 0.030813521437955821 -0.0052717365430437237 0.045000312420161878 -0.058538991953184391 -0.024419212805008486 -0.0080027296792977067 0.072749798706801691 0.016045413821899061 0.026489381449881919 -0.038016068001105352 0.032910160835883967 -0.040719817984925792 -0.0042617252508948111 -0.035628187174447191 -0.00025134438361036648 0.0038461948440146909
leaf_weight=387.74240474402905 234.22137399017811 29.435808300971985 61.318608030676842 48.495953410863876 14.6789233982563 21.050486087799072 25.748594805598259 57.689564436674118 138.08588010072708 178.22910368442535 29.5884820073843 16.120529830455784 64.731056526303291 40.316838681697845 24.065992206335068 131.20368558168411 15.193950876593588 46.473837539553642 80.992584705352783 28.40045365691185 134.57844351232052 18.599493399262428 77.229998707771301 14.944873854517935 98.620946750044823 103.04270666837692 30.246684178709984 23.894616812467575 21.593615218997002 43.365280225872993
leaf_count=1748 1059 125 257 203 61 91 112 237 564 726 127 67 275 166 101 560 66 209 359 124 543 79 317 63 411 457 130 103 93 181
internal_value=9.15566e-05 0.0200402 0.00107711 -0.028469 0.0427721 -0.0328227 -0.00920531 0.0503472 0.0332207 0.0551437 -0.0393227 0.018251 -0.00172289 0.0490567 0.0070488 0.000482682 -0.041479 -0.0250979 -0.0445666 0.0110653 0.0623375 0.00170726 0.0381293 -0.0120101 0.0241668 -0.0347777 -0.0198477 -0.00888258 -0.0192012 0.0130415
internal_weight=2239.9 1318.95 719.657 920.949 599.295 350.25 332.557 505.771 369.408 447.727 588.392 191.005 116.028 178.403 203.766 155.27 558.803 90.0682 468.735 43.5944 312.808 93.5235 134.92 31.0654 159.94 128.791 51.2972 64.0877 45.4882 58.0442
internal_count=9614 5548 3083 4066 2465 1555 1433 2065 1528 1823 2633 798 496 730 864 661 2506 399 2107 190 1269 400 554 130 668 569 221 275 196 242
is_linear=0
shrinkage=0.045


Tree=5
num_leaves=31
num_cat=0
split_feature=34 5 29 16 6 29 14 34 19 5 9 13 19 19 19 29 19 19 21 22 9 7 26 6 0 14 22 6 0 34
split_gain=593.431 208.245 348.626 136.218 83.4045 67.9675 47.4179 44.4565 39.0597 31.6563 23.8201 38.8095 23.655 20.0954 15.856 13.671 13.6321 12.9484 11.7101 11.265 11.0521 10.4563 40.4358 11.1229 10.2801 9.41213 9.19932 8.01635 7.57936 7.2585
threshold=0.35833333333333334 1.0000000180025095e-35 1.0000000180025095e-35 1.0000000180025095e-35 1.0000000180025095e-35 1.0000000180025095e-35 0.6261500000000001 0.61785714285714299 1.0000000180025095e-35 1.0000000180025095e-35 1.0000000180025095e-35 1.0000000180025095e-35 1.0000000180025095e-35 1.0000000180025095e-35 1.0000000180025095e-35 1.0000000180025095e-35 1.0000000180025095e-35 1.0000000180025095e-35 8.3329374750000014 1101.1003339239171 1.0000000180025095e-35 1.0000000180025095e-35 1.0000000180025095e-35 1.0000000180025095e-35 1192.9100000000001 0.59415000000000007 956.73807424708048 1.0000000180025095e-35 1376.2350000000004 0.53166666666666684
decision_type=2 2 2 2 2 2 2 2 2 2 2 2 2 2 2 2 2 2 2 2 2 2 2 2 2 2 2 2 2 2
left_child=5 2 4 10 -2 13 12 16 -7 24 19 -12 18 27 -9 -16 -5 25 -4 -3 21 23 -23 -15 -10 -6 -14 -1 -19 -18
right_child=1 3 6 7 17 8 -8 14 9 -11 11 -13 26 20 15 -17 29 28 -20 -21 -22 22 -24 -25 -26 -27 -28 -29 -30 -31
leaf_value=-0.050856311044323303 -0.046749331247663853 -0.03277643897298612 0.033967282702770128 -0.0031006990723291749 -0.044586850389315653 -0.029156584504090623 0.048280636291590032 0.038943286556512177 -0.0110291416383129 -0.022946888533221247 0.060318636410583354 -0.012744476510348194 0.020090618331104298 -0.041457119034176981 0.050244831195660991 0.070867529354097125 0.0094504590405000092 -0.0051732445793300054 -0.0064508661838152473 0.011241379875227532 0.007373913084240024 0.02277677283283714 -0.051010344753674004 -0.015162886112534843 0.029236718535711567 -0.00085412096798096371 0.044273173481795887 -0.028371120757562512 0.021969304027884388 0.042725363789070436
leaf_weight=233.00145892798901 229.32316294312477 51.86207340657711 16.50953471660614 34.288685023784637 18.02889022231102 121.25305645167828 169.87347151339054 113.63561789691448 15.057201147079466 48.284405723214149 23.031086787581444 37.307568117976189 92.156882256269455 184.76920154690742 165.82024782896042 130.05231192708015 20.322951212525368 38.108347982168198 83.893186718225479 14.598301544785498 14.576339140534399 28.648691266775131 29.689337328076363 41.3997782766819 71.305096969008446 21.006725624203682 50.767728894948959 42.325583234429359 44.138496160507202 41.42896531522274
leaf_count=1072 1054 227 70 144 79 535 690 462 63 213 97 161 380 841 671 522 84 162 357 63 62 122 136 183 296 90 209 191 188 170
internal_value=2.2315e-05 0.0179347 0.00211185 0.0370135 -0.0308452 -0.0300825 0.0300832 0.0474552 -0.0107378 0.00594149 -0.00466335 0.0156722 0.0172335 -0.0386669 0.0539173 0.0595178 0.0196298 -0.000636971 0.00046465 -0.0230844 -0.0303905 -0.0323443 -0.0150017 -0.0367319 0.0221705 -0.0216616 0.0289283 -0.0475149 0.00948197 0.0320995
internal_weight=2226.46 1396.15 763.806 632.348 350.606 830.31 413.201 505.549 255.9 134.647 126.799 60.3387 243.327 574.41 409.508 295.873 96.0406 121.282 100.403 66.4604 299.083 284.507 58.338 226.169 86.3623 39.0356 142.925 275.327 82.2468 61.7519
internal_count=9594 5880 3279 2601 1573 3714 1706 2053 1107 572 548 258 1016 2607 1655 1193 398 519 427 290 1344 1282 258 1024 359 169 589 1263 350 254
is_linear=0
shrinkage=0.045


Tree=6
num_leaves=31
num_cat=0
split_feature=34 5 29 15 6 29 5 19 34 19 14 19 20 22 29 21 34 11 13 20 19 20 7 26 21 11 1 22 20 4
split_gain=562.91 236.837 289.521 83.4435 82.0953 76.7841 44.5825 39.3346 38.3381 29.8256 21.0065 20.0135 17.7132 16.6777 14.2693 14.2168 11.6505 11.5998 11.2397 10.8774 10.7381 9.32376 8.4097 31.2328 8.30975 7.50805 7.03425 7.0207 8.29547 6.08975
threshold=0.37500000000000006 1.0000000180025095e-35 1.0000000180025095e-35 1.0000000180025095e-35 1.0000000180025095e-35 1.0000000180025095e-35 1.0000000180025095e-35 1.0000000180025095e-35 0.53452380952380962 1.0000000180025095e-35 0.59715000000000007 1.0000000180025095e-35 85.933612917656262 1107.5395597953818 1.0000000180025095e-35 0.8834921750000001 0.28333333333333338 1.0000000180025095e-35 5.5000000000000009 2.8813760664525465 1.0000000180025095e-35 475.45772173652205 1.0000000180025095e-35 1.0000000180025095e-35 42.11851020000001 1.0000000180025095e-35 7.0849889040897907 708.23641569084509 644.81149702671894 1.0000000180025095e-35
decision_type=2 2 2 2 2 2 2 2 2 2 2 2 2 2 2 2 2 2 2 2 2 2 2 2 2 2 2 2 2 2
left_child=5 2 4 13 -2 11 9 12 24 27 18 -1 -4 21 -12 -6 22 -9 -10 -8 -17 -3 -13 -24 -5 -14 -11 28 -7 -19
right_child=1 3 7 8 15 6 19 17 10 26 14 16 25 -15 -16 20 -18 29 -20 -21 -22 -23 23 -25 -26 -27 -28 -29 -30 -31
leaf_value=-0.046344837692077458 -0.044452745451168778 0.0091418859396364509 0.035144550521348225 -0.013909926175406187 0.04287561921996131 0.021034831662789914 0.0017391294004972478 0.045535361513122624 0.046150208568513269 -0.0057903389521385693 0.048255414422847226 -0.039225490896787236 0.0081926471300276821 0.037743246736614992 0.068396212816959123 -0.024928325583396128 -0.014590413510046411 0.0057633396295293637 0.020430433440434076 -0.036200804473125306 0.0060173817713033454 -0.021949428920953678 0.027119530097886875 -0.05074735982867027 0.026684195280476636 -0.017990826926012154 0.024447284418722442 -0.02485280036435079 -0.023707108457526351 0.033399926608083941
leaf_weight=269.60937486588955 223.57294483482838 34.402897074818611 34.604304105043411 22.114291697740555 14.077942267060278 17.9824248701334 17.729366466403008 175.5111066699028 88.997196555137634 18.40466733276844 185.72228847444057 167.20632891356945 54.473550975322723 19.137962356209755 136.56611062586308 32.374272957444191 83.237252965569496 26.118464320898056 59.988098964095116 106.8200469315052 70.192882835865021 42.908706977963448 18.180723950266838 22.06001041829586 17.325482666492462 35.968395978212357 89.627776831388474 57.831317380070686 14.042744502425192 43.456278130412102
leaf_count=1258 1046 146 142 92 60 78 78 712 362 77 749 767 228 81 547 141 373 107 244 483 298 186 77 103 72 152 370 253 61 177
internal_value=0.0003999 0.0190256 0.00137672 0.0396377 -0.0285447 -0.0273898 -0.0098529 0.0288827 0.0468744 0.00343806 0.0504342 -0.0374464 0.00825634 0.0012309 0.056975 0.00206474 -0.0290626 0.0393303 0.0359995 -0.0308293 -0.0038967 -0.00817404 -0.0347716 -0.0157626 0.00414153 -0.00230328 0.0192901 -0.015623 0.00129211 0.0232538
internal_weight=2200.25 1317.51 710.35 607.163 340.218 882.732 322.438 370.132 510.713 197.889 471.274 560.294 125.046 96.4496 322.288 116.645 290.684 245.086 148.985 124.549 102.567 77.3116 207.447 40.2407 39.4398 90.4419 108.032 89.8565 32.0252 69.5747
internal_count=9520 5542 3063 2479 1545 3978 1400 1518 2066 839 1902 2578 522 413 1296 499 1320 996 606 561 439 332 947 180 164 380 447 392 139 284
is_linear=0
shrinkage=0.045


Tree=7
num_leaves=31
num_cat=0
split_feature=34 5 29 34 29 6 5 19 16 19 9 9 13 19 19 20 19 20 14 29 14 7 26 19 14 6 26 6 26 20
split_gain=483.732 213.475 290.675 69.1126 67.6712 60.2126 50.4587 39.6028 33.3627 25.2458 24.0711 20.3494 25.7075 17.4604 16.0623 14.9057 13.5167 13.5164 13.1824 12.1268 11.655 10.7327 34.7027 9.99832 9.30996 9.28832 9.16114 6.88491 6.26333 9.61382
threshold=0.37500000000000006 1.0000000180025095e-35 1.0000000180025095e-35 0.61602564102564117 1.0000000180025095e-35 1.0000000180025095e-35 1.0000000180025095e-35 1.0000000180025095e-35 1.0000000180025095e-35 1.0000000180025095e-35 1.0000000180025095e-35 1.0000000180025095e-35 1.0000000180025095e-35 1.0000000180025095e-35 1.0000000180025095e-35 85.933612917656262 1.0000000180025095e-35 4.4650896075578714 0.67240000000000011 1.0000000180025095e-35 0.63105000000000011 1.0000000180025095e-35 1.0000000180025095e-35 1.5000000000000002 0.50890000000000013 1.0000000180025095e-35 1.0000000180025095e-35 1.0000000180025095e-35 1.0000000180025095e-35 241.29798692847802
decision_type=2 2 2 2 2 2 2 2 2 2 2 2 2 2 2 2 2 2 2 2 2 2 2 2 2 2 2 2 2 2
left_child=4 2 5 11 10 -2 9 15 -5 -6 13 -3 -13 27 24 -4 -14 -8 26 -16 -17 25 -23 -7 -10 -15 -9 -1 29 -11
right_child=1 3 7 8 6 23 17 18 14 28 -12 12 16 21 19 20 -18 -19 -20 -21 -22 22 -24 -25 -26 -27 -28 -29 -30 -31
leaf_value=-0.049251459763771654 -0.043398514843802562 -0.017782432271938636 0.032093478130759814 -0.0044221311358194106 -0.013158310665616608 -0.013539566944044823 -0.0016749902760639594 0.033639239186011041 0.0051216083175427488 0.044862291850410498 0.0054155465118988916 0.06816340388166417 -0.0089020912011817475 -0.038325349810231099 0.045798056048559695 -0.014145867693620902 0.024456658996794806 -0.038819678939116697 0.051090050618182024 0.064909417200957206 0.019168937811853918 0.022336839158623147 -0.047577234148125064 0.013383114445126168 0.039640405584894213 -0.014496633012393319 7.1414447821689336e-05 -0.02725422385095062 -0.0014934577321154331 0.013259689474100991
leaf_weight=215.58148330450058 221.62218847870827 37.362343370914459 34.032757267355919 25.175441980361938 88.069558918476105 74.305966645479202 24.726777300238609 129.84983538091183 19.132589101791382 29.856238603591919 27.679896265268326 17.889766439795494 41.170352131128311 180.62444634735584 171.81838449835777 59.293154433369637 58.617990419268608 101.26973238587379 98.921349734067917 132.38268749415874 31.863746359944344 28.920624151825905 26.772850260138512 43.447304263710976 100.32894979417324 42.563970640301704 18.838246747851372 38.183400392532349 23.614122778177261 56.57975709438324
leaf_count=1031 1055 161 139 109 386 322 109 528 78 122 120 74 174 845 690 253 240 465 397 530 130 122 127 182 404 191 77 177 98 234
internal_value=-0.000141341 0.0171504 0.000453242 0.0368085 -0.0258617 -0.0296327 -0.00945559 0.0278478 0.0457423 0.00471579 -0.035318 0.0108181 0.019972 -0.0374409 0.0487266 0.00714311 0.0107418 -0.0316006 0.0382451 0.0543004 -0.00241909 -0.0294602 -0.0115185 -0.00357689 0.0342004 -0.0338659 0.0294152 -0.0460616 0.0190095 0.0245639
internal_weight=2200.5 1316.05 712.175 603.879 884.443 339.375 324.116 372.799 448.838 198.12 560.327 155.04 117.678 532.647 423.663 125.19 99.7883 125.997 247.609 304.201 91.1569 278.882 55.6935 117.753 119.462 223.188 148.688 253.765 110.05 86.436
internal_count=9570 5543 3083 2460 4027 1559 1414 1524 1811 840 2613 649 488 2493 1702 522 414 574 1002 1220 383 1285 249 504 482 1036 605 1208 454 356
is_linear=0
shrinkage=0.045


Tree=8
num_leaves=31
num_cat=0
split_feature=34 5 29 6 34 19 29 19 15 5 19 9 20 34 29 5 9 13 19 14 22 22 14 20 20 20 6 14 22 6
split_gain=458.566 197.303 251.13 71.4336 68.8609 58.9771 51.5558 41.265 36.8317 27.9037 18.0082 16.1752 16.126 13.0211 10.7756 14.3907 10.7301 24.6491 10.6624 8.87117 8.8251 8.0822 7.82524 7.52458 7.29896 6.50984 5.98216 5.79825 5.54059 5.48444
threshold=0.37500000000000006 1.0000000180025095e-35 1.0000000180025095e-35 1.0000000180025095e-35 0.57921568627450981 1.0000000180025095e-35 1.0000000180025095e-35 1.0000000180025095e-35 1.0000000180025095e-35 1.0000000180025095e-35 1.0000000180025095e-35 1.0000000180025095e-35 85.933612917656262 0.82958333333333345 1.0000000180025095e-35 1.0000000180025095e-35 1.0000000180025095e-35 1.0000000180025095e-35 1.5000000000000002 0.61535000000000006 718.36996792299715 956.73807424708048 0.67240000000000011 961.03724675207775 4.4650896075578714 103.12176357431714 1.0000000180025095e-35 0.51365000000000005 729.38362907967496 1.0000000180025095e-35
decision_type=2 2 2 2 2 2 2 2 2 2 2 2 2 2 2 2 2 2 2 2 2 2 2 2 2 2 2 2 2 2
left_child=5 2 3 -2 16 14 11 12 -6 -8 27 26 -4 22 29 28 21 -18 -5 -14 -19 -3 -9 -15 -11 -12 -7 -10 -16 -1
right_child=1 4 7 18 8 6 9 13 10 24 25 -13 19 23 15 -17 17 20 -20 -21 -22 -23 -24 -25 -26 -27 -28 -29 -30 -31
leaf_value=-0.04601277589171917 -0.042703880854231192 -0.029347630655347696 0.030463408484707011 -0.0091744997113788022 -0.0072254195553851262 -0.031402246489658531 0.018558034139290962 0.021432113592053235 0.011330621877558206 0.0050826520244333954 0.060229192032221303 0.015859041947648218 -0.015767744638937372 0.054018187395495618 -0.0034700379756717266 -0.044389883214683068 0.060761390958795881 -0.019728290666201329 0.018930395839856954 0.012827863230813592 0.01398047037499096 0.012565864653328842 0.046975512749540184 0.020463873739252007 -0.028004413481988392 0.046130942705829035 -0.012679547268862291 0.036464797401154478 -0.025829269812245221 -0.026728411467637912
leaf_weight=218.20523795485497 216.46976290643215 24.032815828919411 35.408897832036018 75.19897273182869 27.019999802112579 225.60327535867691 112.58093175292015 110.57214185595512 23.929788246750832 18.66849210858345 138.70834131538868 17.156719148159027 56.700188919901848 89.109512120485306 40.753033190965652 60.773675858974457 17.341671958565712 23.70327316224575 41.628710299730301 34.552410528063774 42.305665999650955 14.113470017910002 31.942138478159904 17.890087068080902 45.323329418897629 186.45465806126595 43.020840331912041 105.12612865865231 49.933742448687553 40.427832916378975
leaf_count=1062 1049 105 144 327 117 1059 463 449 98 82 556 73 243 358 178 285 71 99 174 141 176 60 128 72 208 748 194 423 221 189
internal_value=0.000227538 0.0170338 0.000942055 -0.0274573 0.0359423 -0.0250406 -0.0139753 0.0261104 0.0435715 0.00512775 0.0466025 -0.0257551 0.00513388 0.0366958 -0.0374517 -0.0275651 0.00561488 0.0146122 0.000915667 -0.00491846 0.00176216 -0.0139155 0.0274447 0.0486494 -0.0184222 0.0523112 -0.0284619 0.0319273 -0.0159289 -0.0431129
internal_weight=2184.66 1312.21 709.473 333.297 602.736 872.447 462.354 376.175 481.239 176.573 454.219 285.781 126.661 249.514 410.094 151.46 121.497 83.3506 116.828 91.2526 66.0089 38.1463 142.514 107 63.9918 325.163 268.624 129.056 90.6868 258.633
internal_count=9552 5538 3085 1550 2453 4014 2079 1535 1942 753 1825 1326 528 1007 1935 684 511 346 501 384 275 165 577 430 290 1304 1253 521 399 1251
is_linear=0
shrinkage=0.045


Tree=9
num_leaves=31
num_cat=0
split_feature=34 29 4 29 19 16 5 5 19 14 21 9 14 7 26 14 19 20 5 13 22 14 19 17 5 21 21 19 20 22
split_gain=434.265 159.694 263.417 61.106 56.5985 42.3552 39.1273 32.1973 24.6855 24.6853 21.2696 20.0983 17.5895 17.0957 50.6335 16.6174 14.7966 14.7714 13.5914 13.1237 12.1476 10.1788 9.87375 9.58372 9.0203 8.77351 10.0072 8.58667 7.81588 7.52187
threshold=0.37500000000000006 1.0000000180025095e-35 1.0000000180025095e-35 1.0000000180025095e-35 1.0000000180025095e-35 1.0000000180025095e-35 1.0000000180025095e-35 1.0000000180025095e-35 1.0000000180025095e-35 0.60730000000000006 2.1920424250000003 1.0000000180025095e-35 0.44340000000000007 1.0000000180025095e-35 1.0000000180025095e-35 0.6452500000000001 1.5000000000000002 131.80398851914933 1.0000000180025095e-35 2.5000000000000004 865.20767764856646 0.58250000000000013 1.0000000180025095e-35 0.14835164835164841 1.0000000180025095e-35 65.87716487500002 51.95633045000001 2.5000000000000004 880.89932779826393 2479.9922125027801
decision_type=2 2 2 2 2 2 2 2 2 2 2 2 2 2 2 2 2 2 2 2 2 2 2 2 2 2 2 2 2 2
left_child=3 2 5 11 10 19 8 21 -5 20 -3 13 -12 27 17 -9 -8 -15 -13 -2 23 -7 -21 -6 -11 26 -10 29 -14 -1
right_child=1 4 -4 6 9 7 16 15 25 24 12 18 28 14 -16 -17 -18 -19 -20 22 -22 -23 -24 -25 -26 -27 -28 -29 -30 -31
leaf_value=-0.043202007413051684 0.016781281290930639 0.047157682072708075 -0.041621886570374612 -0.014179977439090254 0.0069679852738945862 -0.016793576030027738 -0.037302115382134023 0.021029658088669058 0.017803557918687117 0.043766908800245238 -0.010237654557211094 -0.026407254522171769 0.025448393592803237 0.04843860195324276 -0.051193010471635679 0.042382761739472426 -0.0013823178355914288 -0.0039352460329911444 0.032953809885374843 -0.050943885887928329 0.041380255948361096 0.012886400571181943 -0.0049797654185759245 0.035963205289084497 0.062816549109328837 0.042013609571016311 -0.020951140369226427 -0.019719394142445733 0.00051972146267615987 -0.019049263044685651
leaf_weight=352.06109669804573 15.51543867588043 32.7807397544384 200.68777802586555 87.531401738524437 58.994264289736748 33.201428443193436 92.958708047866821 143.86757075786591 74.680607885122299 133.76588533818722 66.467435851693153 14.907748714089394 88.011197373270988 16.843160882592201 43.234210103750229 159.26700508594513 30.952175378799438 27.694805681705475 14.353479310870171 21.332035750150681 96.362214103341103 73.223486036062241 16.836756989359856 37.597403958439827 100.20740592479706 22.607711106538773 15.537209808826445 44.314171895384789 35.735897719860077 30.631154954433441
leaf_count=1714 66 134 991 387 242 145 439 583 306 536 284 65 360 73 213 639 138 124 62 96 392 311 75 152 404 93 64 209 148 148
internal_value=0.000534384 0.0168495 0.00131924 -0.0241433 0.032688 0.0199719 -0.00864409 0.0248957 0.00366207 0.0422754 0.0142262 -0.0333486 0.00833397 -0.035407 -0.0170448 0.0323511 -0.0284125 0.0165 0.00283781 -0.0173606 0.0300845 0.00355699 -0.0313133 0.018507 0.0521582 0.0175071 0.0109728 -0.0391327 0.0183113 -0.0413235
internal_weight=2182.16 1313.85 663.931 868.308 649.922 463.244 324.268 409.559 200.357 426.927 222.995 544.04 190.215 514.779 87.7722 303.135 123.911 44.538 29.2612 53.6842 192.954 106.425 38.1688 96.5917 233.973 112.826 90.2178 427.006 123.747 382.692
internal_count=9593 5558 2906 4035 2652 1915 1427 1678 850 1726 926 2608 792 2481 410 1222 577 197 127 237 786 456 171 394 940 463 370 2071 508 1862
is_linear=0
shrinkage=0.045


Tree=10
num_leaves=31
num_cat=0
split_feature=34 29 4 29 14 5 5 15 19 19 19 34 19 19 15 21 11 34 26 5 34 13 34 20 19 20 19 26 21 20
split_gain=386.801 151.938 239.964 62.7189 58.3574 41.3771 37.7637 25.9576 23.2708 23.0162 21.3971 20.1468 19.0031 13.5577 11.8526 11.6141 11.4 11.3364 10.2846 8.90265 8.68318 6.98412 6.83941 6.52101 5.8723 5.62052 5.61294 6.53131 5.34952 5.1894
threshold=0.39166666666666677 1.0000000180025095e-35 1.0000000180025095e-35 1.0000000180025095e-35 0.5958500000000001 1.0000000180025095e-35 1.0000000180025095e-35 1.0000000180025095e-35 1.0000000180025095e-35 1.0000000180025095e-35 1.0000000180025095e-35 0.53452380952380962 1.5000000000000002 1.5000000000000002 138.48992116333338 2.1920424250000003 1.0000000180025095e-35 0.28333333333333338 1.0000000180025095e-35 1.0000000180025095e-35 0.56785714285714295 6.5000000000000009 0.42500000000000004 110.13957020651043 1.5000000000000002 85.933612917656262 1.5000000000000002 1.0000000180025095e-35 1.4882045666666668 1034.0791556738429
decision_type=2 2 2 2 2 2 2 2 2 2 2 2 2 2 2 2 2 2 2 2 2 2 2 2 2 2 2 2 2 2
left_child=3 2 5 10 8 20 9 16 14 -5 -1 -9 15 -8 25 -6 -7 26 23 -17 -2 22 -10 -11 -22 -3 28 -28 -12 -14
right_child=1 4 -4 6 12 7 13 11 21 18 17 -13 29 -15 -16 19 -18 -19 -20 -21 24 -23 -24 -25 -26 -27 27 -29 -30 -31
leaf_value=-0.042705646166161987 -0.029137474121148251 0.015265972638480996 -0.040723348479038232 -0.013039163304009371 0.055339285639862665 0.014198606554590333 -0.036158286228407069 -0.0018594873709891621 0.018683902986848452 0.043568577947715029 -0.012547765305706948 0.03478148113501886 0.060746890549120934 -0.00097067195367888954 0.030080772097381987 0.019067473152022622 -0.038549097803405118 -0.010427991168194312 -0.0086515809756464602 0.041575904466097532 -0.005921815981599075 0.0049947423397707453 0.038449024229215034 0.016461695624724781 0.015570147314274013 -0.010720226150927966 -0.016019280379784815 -0.046714853216911829 -0.041971928437655424 0.03252194679579265
leaf_weight=246.53568789362907 20.891082227230072 20.478126659989357 198.98850195109844 86.244311511516571 43.706800818443298 16.033061295747757 89.91388612985611 34.146863475441933 62.604287847876549 25.483161941170692 15.823806360363958 267.96921345591545 119.48297782242298 29.400079816579819 22.867730721831322 88.656985983252525 15.369474589824678 84.685667634010315 23.24631629884243 62.541774436831474 69.943655863404274 25.450207576155663 92.414544939994812 63.642209246754646 39.426586776971817 78.166356131434441 77.658083513379097 16.839808940887451 87.298273086547852 19.140617102384567
leaf_count=1235 93 84 1001 383 176 68 431 141 258 103 76 1075 481 131 95 358 67 391 96 253 308 103 373 261 167 335 366 83 422 77
internal_value=0.000146833 0.0155753 0.000493983 -0.0234987 0.0312779 0.0182282 -0.00767004 0.0266072 0.0168636 0.00436134 -0.0329821 0.0306476 0.0442394 -0.0275679 0.00160933 0.0348402 -0.0120109 -0.0243698 0.0177133 0.0285898 -0.00326462 0.027069 0.0306378 0.0246097 0.00189664 -0.00522655 -0.0302617 -0.0219212 -0.0376207 0.0571105
internal_weight=2145.05 1298.28 662.768 846.771 635.51 463.78 317.93 333.519 301.981 198.616 528.841 302.116 333.529 119.314 121.512 194.906 31.4025 282.306 112.372 151.199 130.261 180.469 155.019 89.1254 109.37 98.6445 197.62 94.4979 103.122 138.624
internal_count=9491 5513 2920 3978 2593 1919 1405 1351 1248 843 2573 1216 1345 562 514 787 135 1338 460 611 568 734 631 364 475 419 947 449 498 558
is_linear=0
shrinkage=0.045


Tree=11
num_leaves=31
num_cat=0
split_feature=15 5 29 29 6 19 14 20 5 14 34 22 21 0 13 34 19 21 22 26 0 3 20 20 29 14 34 25 34 20
split_gain=368.339 178.688 195.98 84.543 52.753 46.4617 28.69 25.4618 16.2723 15.9207 14.531 12.5895 12.5416 12.3883 12.7711 11.6518 12.2619 10.7772 10.7784 9.15611 12.3919 10.8819 8.32714 7.89387 7.73368 7.71582 10.8234 8.63288 7.54968 8.59484
threshold=1.0000000180025095e-35 1.0000000180025095e-35 1.0000000180025095e-35 1.0000000180025095e-35 1.0000000180025095e-35 1.0000000180025095e-35 0.59715000000000007 4.7304159880324077 1.0000000180025095e-35 0.62835000000000008 0.57921568627450981 1310.629131461691 1.4882045666666668 11847.795000000002 6.5000000000000009 0.8026397515527951 1.0000000180025095e-35 6.3385130000000007 860.05610817390868 1.0000000180025095e-35 3109.2950000000005 642.79342381625008 475.45772173652205 3.0430177802372689 1.0000000180025095e-35 0.72705000000000009 0.5988095238095239 2.5000000000000004 0.39166666666666677 4.4650896075578714
decision_type=2 2 2 2 2 2 2 2 2 2 2 2 2 2 2 2 2 2 2 2 2 2 2 2 2 2 2 2 2 2
left_child=3 2 4 7 -2 11 15 23 19 13 -8 17 -9 14 -4 16 22 -5 -19 21 -21 -7 -3 -1 -12 26 -6 -27 29 -10
right_child=1 6 9 5 25 8 10 12 28 -11 24 -13 -14 -15 -16 -17 -18 18 -20 20 -22 -23 -24 -25 -26 27 -28 -29 -30 -31
leaf_value=-0.02034977729504452 -0.039155159373750206 -0.019260543793804999 0.018483035196233972 0.0038947895641065688 -0.041247195946305437 0.02667995572480383 0.0073566811553060678 -0.015388616590976635 0.0089837521861446008 0.037363430743814437 0.041094944977686093 0.020312814610751372 -0.038094459520998269 0.051721936818472203 -0.018036673620454784 0.04821352869866561 0.027202543846510892 -0.016559082805525635 -0.039344477018160205 -0.029068719113990966 0.024653733956522487 -0.0085268228757227598 0.015647723987062396 0.0028400093567306972 0.056259346181938015 0.037279741598019181 0.0011185115426425216 -0.0074639203097198762 0.0099628109058604551 -0.027915195649604929
leaf_weight=89.820228695869446 184.62275555729866 23.652967989444733 75.21738962829113 25.794355407357216 14.426232695579527 116.14668539166451 19.581389144062996 58.342941597104073 17.821389198303223 159.98371195793152 181.81198528409004 13.750538319349287 398.22591225802898 15.292899817228315 25.122034355998039 29.643757537007332 93.370038211345673 94.019131049513817 79.059635266661644 18.191333457827568 14.922974437475203 20.469194814562798 30.543066829442978 43.856445699930191 134.95720383524895 19.035717085003853 58.356113016605377 14.974932566285132 32.589902654290199 40.882147714495659
leaf_count=431 946 97 307 115 64 471 80 283 79 642 728 61 1970 62 104 119 376 426 360 75 61 83 125 208 548 80 250 63 137 193
internal_value=-4.14096e-05 0.0184553 0.00102966 -0.0188281 -0.0246577 -0.00465117 0.0376559 -0.0301774 0.00805914 0.0281805 0.0453917 -0.0202194 -0.035233 0.015264 0.00925182 0.0228006 0.0174054 -0.0231095 -0.0271333 0.016266 -0.00484567 0.0213813 0.000339655 -0.0127771 0.0477123 0.000536142 -0.00772405 0.0179286 -0.00720974 -0.0167505
internal_weight=2144.49 1080.59 567.032 1063.89 291.416 473.647 513.56 590.246 261.024 275.616 336.351 212.624 456.569 115.632 100.339 177.21 147.566 198.873 173.079 169.73 33.1143 136.616 54.196 133.677 316.769 106.793 72.7823 34.0106 91.2934 58.7035
internal_count=9544 4591 2518 4953 1403 2061 2073 2892 1099 1115 1356 962 2253 473 411 717 598 901 786 690 136 554 222 639 1276 457 314 143 409 272
is_linear=0
shrinkage=0.045


Tree=12
num_leaves=31
num_cat=0
split_feature=34 5 29 6 29 34 5 19 15 9 19 20 6 7 26 9 13 15 29 23 7 20 19 0 20 19 25 20 7 20
split_gain=327.099 138.021 185.269 56.5378 51.7001 49.4161 39.5202 25.7933 21.965 21.149 19.187 15.289 14.4965 16.7371 40.8585 14.2657 18.7434 13.8774 11.6587 10.935 9.81733 9.20018 9.09319 10.1555 8.20642 7.7379 6.96173 6.8567 6.36594 7.00809
threshold=0.37500000000000006 1.0000000180025095e-35 1.0000000180025095e-35 1.0000000180025095e-35 1.0000000180025095e-35 0.61966873706004155 1.0000000180025095e-35 1.0000000180025095e-35 1.0000000180025095e-35 1.0000000180025095e-35 1.0000000180025095e-35 85.933612917656262 1.0000000180025095e-35 1.0000000180025095e-35 1.0000000180025095e-35 1.0000000180025095e-35 1.0000000180025095e-35 182.76868933736114 1.0000000180025095e-35 1.0000000180025095e-35 1.0000000180025095e-35 358.28502365337971 1.0000000180025095e-35 1293.9350000000002 4.4650896075578714 1.0000000180025095e-35 4.5000000000000009 4.6625880818229168 1.0000000180025095e-35 110.13957020651043
decision_type=2 2 2 2 2 2 2 2 2 2 2 2 2 2 2 2 2 2 2 2 2 2 2 2 2 2 2 2 2 2
left_child=4 2 3 -2 9 15 10 11 -7 12 -6 -4 13 19 -15 -3 -17 -18 26 -1 -9 -11 -5 -24 -8 -20 -10 -14 29 -12
right_child=1 5 7 22 6 8 24 20 18 21 28 -13 27 14 -16 16 17 -19 25 -21 -22 -23 23 -25 -26 -27 -28 -29 -30 -31
leaf_value=-0.042910704151546575 -0.039362750125453219 -0.01626926051411922 0.029606016910535337 -0.018260027288788259 -0.011419155640280699 -0.0043364305522373553 -0.0053626110269570466 0.032487123509801631 0.030131807414009209 0.031825978934628234 0.04090763710421811 -0.0051706073675669741 0.011599501666690094 0.014821068383059478 -0.048540682387118721 0.054750593771509024 -9.1096860492507472e-05 0.038938341663250407 0.033633340302576413 -0.014477534577558524 -0.00066311761082747472 -0.018162384516065583 -0.010557097784715376 0.021554619949999861 -0.034588223205250249 0.054918789241683585 0.057289738797526309 -0.021176123240451119 -0.0031095505225699066 0.013429866476953283
leaf_weight=309.1198498904705 199.39070880413055 34.969453617930412 34.905679449439049 36.893648251891136 86.576980993151665 23.325315594673157 25.202810660004616 234.49002894759178 199.53150467574596 14.090305507183077 27.074475184082985 88.416412711143494 15.797339230775831 40.14548596739769 40.584636211395264 20.007598742842674 86.665045961737633 22.435189321637154 55.867966368794441 31.474636778235435 19.552729159593582 13.817195415496824 33.050873532891273 47.533794015645981 90.882063820958138 131.73386037349701 21.945853188633919 58.712854996323586 25.802666142582893 62.177639290690422
leaf_count=1590 1038 152 141 164 389 102 113 942 800 61 109 372 75 181 211 81 359 91 225 158 79 62 140 201 445 539 88 284 106 254
internal_value=-8.55114e-05 0.014142 0.000495132 -0.0248317 -0.0219 0.0299979 -0.00754596 0.0217712 0.0379638 -0.0305766 0.00450832 0.0048317 -0.0327191 -0.0359589 -0.0172363 0.00890203 0.0157924 0.00821562 0.0403804 -0.0403332 0.0299431 0.00730427 -4.46493e-05 0.0084164 -0.0283431 0.0487919 0.0330683 -0.0141656 0.0164886 0.0221261
internal_weight=2132.17 1290.72 694.234 316.869 841.459 596.482 317.717 377.365 432.405 523.742 201.632 123.322 495.835 421.325 80.7301 164.077 129.108 109.1 409.079 340.594 254.043 27.9075 117.478 80.5847 116.085 187.602 221.477 74.5102 115.055 89.2521
internal_count=9552 5514 3077 1543 4038 2437 1416 1534 1754 2622 858 513 2499 2140 392 683 531 450 1652 1748 1021 123 505 341 558 764 888 359 469 363
is_linear=0
shrinkage=0.045


Tree=13
num_leaves=31
num_cat=0
split_feature=34 29 4 14 29 5 5 16 11 19 4 22 19 9 19 19 5 14 0 34 19 26 25 20 20 19 26 20 22 22
split_gain=297.326 122.896 202.247 51.4817 50.9741 29.3086 28.0275 21.7344 20.3757 19.4213 20.5005 19.2637 20.5346 17.2007 16.0252 14.9815 12.7049 12.3527 9.94782 9.78185 9.34038 9.22452 7.63528 7.11136 7.05842 6.49243 5.69539 7.37122 4.854 4.59122
threshold=0.37500000000000006 1.0000000180025095e-35 1.0000000180025095e-35 0.5958500000000001 1.0000000180025095e-35 1.0000000180025095e-35 1.0000000180025095e-35 1.0000000180025095e-35 1.0000000180025095e-35 1.0000000180025095e-35 1.0000000180025095e-35 3520.1202160099497 1.0000000180025095e-35 1.0000000180025095e-35 1.0000000180025095e-35 1.0000000180025095e-35 1.0000000180025095e-35 0.75125000000000008 6279.3650000000007 0.56785714285714295 1.5000000000000002 1.0000000180025095e-35 3.5000000000000004 3.6287282718287037 3.9531814220601857 1.5000000000000002 1.0000000180025095e-35 110.13957020651043 612.28109055182097 708.23641569084509
decision_type=2 2 2 2 2 2 2 2 2 2 2 2 2 2 2 2 2 2 2 2 2 2 2 2 2 2 2 2 2 2
left_child=4 2 6 11 9 14 17 -5 22 -1 13 12 24 21 29 -10 25 19 -14 -2 23 -11 -8 -7 -3 -9 27 -16 -4 -6
right_child=1 3 28 7 5 20 8 16 15 10 -12 -13 18 -15 26 -17 -18 -19 -20 -21 -22 -23 -24 -25 -26 -27 -28 -29 -30 -31
leaf_value=-0.039470029301187398 -0.039510004740662893 0.021488155033389446 -0.01587526777542906 -0.01172154668572498 0.002784235790132884 -0.00088542740842075505 0.026211788044967821 0.026317120180457006 -0.012064598871765374 -0.012351517808542987 -0.042477162362981782 0.045762026122111249 0.013012691637208454 0.031137942984227434 0.040096906477383648 0.019578556301304867 0.052876409331481897 0.022329576622477622 0.037318473311926233 -0.0032870124164064204 -0.0025501518687729686 -0.036756973350023453 0.047253893057792054 -0.036818104749808664 -0.009233829442307653 0.043967156859240741 -0.0047720808101753744 0.011443008524595724 -0.041879079045108292 -0.018467142361954243
leaf_weight=235.41375316679478 17.833376973867416 16.94751925766468 17.667121186852455 15.529357567429541 32.067347049713135 13.078751638531683 156.97225871682167 105.34229080379009 45.814826011657715 142.54697778820992 69.353696882724762 33.851325362920761 117.93534588813782 14.842179819941519 25.418162003159523 85.461553409695625 133.74578094482422 29.802182331681252 48.169698551297188 77.213933721184731 29.849832743406296 40.005675464868546 47.526386618614197 76.773585617542267 96.821406081318855 79.818634644150734 23.215868204832077 62.605105131864548 170.59072043001652 55.346719652414322
leaf_count=1242 82 69 94 64 142 60 633 424 192 689 351 138 479 63 102 346 551 127 195 338 135 206 192 387 414 321 96 255 908 252
internal_value=8.05993e-05 0.0134887 -0.000360093 0.0273322 -0.0211051 -0.00698767 0.0157019 0.0395995 0.0224535 -0.0300234 -0.0215702 0.0141707 0.0102003 -0.0140476 0.0036216 0.00852753 0.0421275 -0.00249025 0.0202424 -0.010424 -0.0244785 -0.017871 0.0313082 -0.0316551 -0.00450999 0.034121 0.0148928 0.0200748 -0.0395355 -0.0107279
internal_weight=2117.56 1297.04 648.882 648.161 820.518 318.355 460.625 334.436 335.775 502.162 266.749 313.725 279.874 197.395 198.653 131.276 318.907 124.849 166.105 95.0473 119.702 182.553 204.499 89.8523 113.769 185.161 111.239 88.0233 188.258 87.4141
internal_count=9547 5567 2912 2655 3980 1429 1910 1360 1363 2551 1309 1295 1157 958 847 538 1296 547 674 420 582 895 825 447 483 745 453 357 1002 394
is_linear=0
shrinkage=0.045


Tree=14
num_leaves=31
num_cat=0
split_feature=16 5 29 29 4 19 34 34 19 14 19 20 21 20 14 20 5 19 20 19 4 9 26 7 25 34 19 7 7 21
split_gain=265.942 129.127 145.57 86.7974 48.745 36.4111 24.4337 23.5009 15.8466 14.871 14.8474 12.2573 15.3106 12.2453 13.279 9.81819 9.78332 9.65524 9.63692 9.12209 8.70889 8.84411 8.34607 8.22976 7.84828 7.72353 7.38657 7.20374 6.97385 6.58367
threshold=1.0000000180025095e-35 1.0000000180025095e-35 1.0000000180025095e-35 1.0000000180025095e-35 1.0000000180025095e-35 1.0000000180025095e-35 0.76220238095238102 0.28333333333333338 1.0000000180025095e-35 0.51975000000000016 2.5000000000000004 233.28646449523151 1.4345186583333336 85.933612917656262 0.64355000000000007 4.6625880818229168 1.0000000180025095e-35 1.0000000180025095e-35 103.12176357431714 2.5000000000000004 1.0000000180025095e-35 1.0000000180025095e-35 1.0000000180025095e-35 1.0000000180025095e-35 2.5000000000000004 0.39166666666666677 1.5000000000000002 1.0000000180025095e-35 1.0000000180025095e-35 60.030264583333341
decision_type=2 2 2 2 2 2 2 2 2 2 2 2 2 2 2 2 2 2 2 2 2 2 2 2 2 2 2 2 2 2
left_child=3 2 4 7 17 20 8 15 -3 18 16 22 -13 -10 -15 23 28 -2 -4 -17 21 27 -9 -1 -22 -18 -11 -5 -7 -19
right_child=1 6 9 5 -6 10 -8 11 13 26 -12 12 -14 14 -16 19 25 29 -20 -21 24 -23 -24 -25 -26 -27 -28 -29 -30 -31
leaf_value=-0.028093929622504871 -0.019831582259149518 0.0049831177471043259 0.026055954624053794 -0.032664640531823448 -0.037602475171297604 0.016161779825523047 0.041102714824832493 0.0066892886508439541 0.045114725903973099 0.021281606828529143 0.030514241226080908 0.017374791936617371 -0.03045784168921541 0.0066024337467305121 0.040466377982398501 -0.041616150013166452 -0.019729046776092992 0.001745031620569432 -0.015621007115149155 -0.012600690147253469 -0.012693272125395276 0.0042804788674853499 -0.029138968665090755 0.0072883016278957385 0.0191494844779245 0.010259469932347529 0.038104052665707704 -0.0028452645386901078 -0.0064154865155105498 0.031640354687878534
leaf_weight=62.473943620920181 31.682702600955963 81.384070560336113 17.155728206038475 97.541513428092003 168.29649125039577 106.39359582960606 269.32973964512348 58.155251443386078 61.545020967721939 132.58608420193195 49.735929250717163 14.84694394469261 106.52458946406841 63.158621340990067 36.763097077608109 261.22912491858006 49.903719365596771 60.18021734058857 28.473654881119728 25.11886964738369 56.338847279548645 20.298724561929703 15.93747068941593 16.391761124134064 20.600294008851051 25.647983744740486 94.524767756462097 19.924276247620583 36.717828392982483 18.89077827334404
leaf_count=319 141 332 69 472 914 430 1100 276 249 536 206 71 528 255 149 1383 240 255 118 124 253 87 78 79 89 108 381 89 150 80
internal_value=-0.00031948 0.0155053 0.000393386 -0.0164498 -0.0224174 -0.00245898 0.0317535 -0.028479 0.0212588 0.0237286 0.00857826 -0.015766 -0.0245125 0.029381 0.0193391 -0.0352214 0.00347262 0.000787115 0.000271431 -0.0391236 -0.0162323 -0.0229683 -0.00130284 -0.0207408 -0.00403113 -0.00954763 0.0284195 -0.0276735 0.0103649 0.00919325
internal_weight=2107.75 1063.97 551.79 1043.78 279.05 483.103 512.181 560.678 242.851 272.74 268.399 195.464 121.372 161.467 99.9217 365.214 218.663 110.754 45.6294 286.348 214.704 137.765 74.0927 78.8657 76.9391 75.5517 227.111 117.466 143.111 79.071
internal_count=9561 4579 2494 4982 1390 2124 2085 2858 985 1104 1134 953 599 653 404 1905 928 476 187 1507 990 648 354 398 342 348 917 561 580 335
is_linear=0
shrinkage=0.045


Tree=15
num_leaves=31
num_cat=0
split_feature=34 5 29 29 6 14 5 19 9 9 34 21 7 26 6 14 29 19 19 13 19 22 14 20 3 19 20 34 4 20
split_gain=258.615 103.623 162.608 45.9626 45.69 41.6593 35.4361 19.773 19.5542 15.5215 15.1564 13.8249 13.3947 40.0256 18.6819 11.9459 11.9267 11.7198 10.7687 10.316 10.2074 9.792 9.2866 9.1193 8.97017 8.65445 8.60042 6.82148 6.44164 6.145
threshold=0.37500000000000006 1.0000000180025095e-35 1.0000000180025095e-35 1.0000000180025095e-35 1.0000000180025095e-35 0.5958500000000001 1.0000000180025095e-35 1.0000000180025095e-35 1.0000000180025095e-35 1.0000000180025095e-35 0.54833333333333345 1.375625566666667 1.0000000180025095e-35 1.0000000180025095e-35 1.0000000180025095e-35 0.75125000000000008 1.0000000180025095e-35 2.5000000000000004 1.0000000180025095e-35 4.5000000000000009 1.0000000180025095e-35 1299.3615876966689 0.62975000000000014 85.933612917656262 449.89164052194451 2.5000000000000004 131.80398851914933 0.5988095238095239 1.0000000180025095e-35 3.3502387934953703
decision_type=2 2 2 2 2 2 2 2 2 2 2 2 2 2 2 2 2 2 2 2 2 2 2 2 2 2 2 2 2 2
left_child=3 2 4 8 -2 9 20 11 12 -3 -7 -4 14 26 21 28 25 29 24 -18 -5 -1 27 -13 -12 -11 -14 -6 -9 -8
right_child=1 5 7 6 22 10 17 15 -10 16 18 23 13 -15 -16 -17 19 -19 -20 -21 -22 -23 -24 -25 -26 -27 -28 -29 -30 -31
leaf_value=-0.040881886404267147 -0.0366158266218507 -0.013849844195765824 0.045637485050940965 -0.0059295430305630267 -0.040873792632855323 -0.0035500217220843689 -0.0027570546772308466 0.012028611581443948 0.0084529371111771306 0.0032022688084045892 0.038497175040594231 0.022110750312329501 0.041419854544337054 -0.046082426975401637 -0.01248342136797319 0.046849711938153543 0.043268806624462551 0.014013403315541587 0.043866647119050153 0.011770010014772557 0.014379275860911691 -0.015400700908223807 0.010009520479783962 -0.006963702474999319 0.0096352717557623823 0.035404789048426866 0.00051619598072114698 -0.0046645372270742533 0.028998516102042165 -0.034948520485519448
leaf_weight=283.96268309652805 191.46520625054836 37.376079961657524 14.764427304267882 88.508502319455147 14.044224753975866 17.779663905501366 14.059240639209746 74.294101417064667 28.00461582839489 106.86923764646053 46.167270556092262 28.532964959740639 16.330911412835121 37.854276806116104 72.01678691804409 53.801470160484314 49.778941988945007 12.857662498950956 242.13935659825802 37.665083959698677 113.24718332290649 36.021031826734543 66.672028750181198 82.931504100561142 42.193952172994614 19.13298711180687 26.127765074372292 36.208260178565979 124.67804664373398 89.204197838902473
leaf_count=1543 1054 163 60 402 65 73 64 299 124 439 188 115 71 208 358 218 203 57 999 154 460 188 281 350 172 77 122 158 501 456
internal_value=0.000439026 0.0130153 0.0010854 -0.0193272 -0.0231371 0.0266788 -0.0059201 0.020804 -0.0278166 0.0126238 0.0367356 0.00619333 -0.0299804 -0.0130195 -0.0334133 0.028047 0.0173025 -0.0256131 0.038907 0.0299877 0.00548467 -0.0380703 -0.000942207 0.000609277 0.0249772 0.00833238 0.0168401 -0.0153841 0.022754 -0.0306342
internal_weight=2104.69 1286.49 687.392 818.195 308.39 599.103 317.877 379.003 500.318 250.822 348.28 126.229 472.313 80.313 392.001 252.774 213.446 116.121 330.501 87.444 201.756 319.984 116.925 111.464 88.3612 126.002 42.4587 50.2525 198.972 103.263
internal_count=9622 5569 3101 4053 1558 2468 1439 1543 2614 1036 1432 525 2490 401 2089 1018 873 577 1359 357 862 1731 504 465 360 516 193 223 800 520
is_linear=0
shrinkage=0.045


Tree=16
num_leaves=31
num_cat=0
split_feature=34 5 29 14 6 29 9 19 21 5 19 13 29 19 20 12 4 34 22 6 19 19 14 22 25 19 14 28 21 21
split_gain=247.757 86.1652 146.139 52.8302 40.4394 34.1998 23.7682 20.7288 20.9545 20.4448 15.7363 14.1899 13.1352 12.8087 12.2422 10.8426 10.2354 9.69347 9.44738 9.05021 8.36138 7.75777 7.62731 6.89817 6.47173 5.67157 6.19355 5.11477 4.97867 6.16549
threshold=0.35833333333333334 1.0000000180025095e-35 1.0000000180025095e-35 0.59715000000000007 1.0000000180025095e-35 1.0000000180025095e-35 1.0000000180025095e-35 1.5000000000000002 2.1920424250000003 1.0000000180025095e-35 1.0000000180025095e-35 4.5000000000000009 1.0000000180025095e-35 1.0000000180025095e-35 72.85079679016205 1.0000000180025095e-35 1.0000000180025095e-35 0.54833333333333345 986.1666424823743 1.0000000180025095e-35 2.5000000000000004 1.0000000180025095e-35 0.51975000000000016 890.24913393229156 3.5000000000000004 1.5000000000000002 0.69125000000000014 1.0000000180025095e-35 1.3437558500000002 65.87716487500002
decision_type=2 2 2 2 2 2 2 2 2 2 2 2 2 2 2 2 2 2 2 2 2 2 2 2 2 2 2 2 2 2
left_child=5 2 4 6 -2 10 18 8 -4 13 19 20 17 -7 -10 -13 27 -5 -3 -1 -8 -6 23 -9 -23 26 -14 -12 -15 -30
right_child=1 3 7 12 21 9 11 22 14 -11 16 15 25 28 -16 -17 -18 -19 -20 -21 -22 24 -24 -25 -26 -27 -28 -29 29 -31
leaf_value=-0.041194447274708994 -0.035693550770635067 -0.027186738504343177 0.038184964042872381 -0.0072579120497288114 -0.019005489009778546 -0.012483230271692028 0.020916882297195325 0.0024763526404208169 0.020872126893114133 -0.025056023077975133 0.0090023610740452408 -0.010785187189998827 0.021851682020051579 0.035125793910496569 -0.0023437465390326131 0.0176776907889463 -0.035976909645549275 0.030388353045570544 0.0092632805258242388 -0.016131337407029819 0.053621795995704678 0.013064462680519189 0.038111145985054988 0.033531475232172821 -0.016160387574378276 0.057625478757983531 0.048092771338893607 -0.017559854830477614 0.00023984795009798787 0.030321028537776847
leaf_weight=186.61598765850067 191.41838583350182 42.480898305773735 43.421214208006859 14.550877064466475 36.323433086276054 65.765845477581024 98.768574133515358 31.076908335089684 63.475946217775345 84.807489708065987 15.368345960974692 51.799968034029007 33.961452156305313 16.625319436192513 159.89280541241169 54.761527642607689 66.308357283473015 191.68142147362232 20.914157584309578 36.660790607333183 18.74513004720211 60.301824301481247 99.686237066984177 26.413870707154274 19.536369428038597 55.688118025660515 47.011285990476608 180.7781975120306 52.400990128517151 17.736938551068306
leaf_count=1055 1073 200 176 60 164 300 406 125 256 428 77 214 142 67 669 222 353 780 94 191 76 255 404 106 82 239 197 909 213 72
internal_value=-0.000253436 0.0110478 0.000535616 0.0232272 -0.023036 -0.0215254 0.00895339 0.0176503 0.00995138 -0.00748275 -0.0283574 0.0158254 0.0351331 0.0023877 0.00431726 0.00387013 -0.0207481 0.02771 -0.0152047 -0.0371695 0.0265422 -0.00205144 0.0305729 0.0170738 0.00580171 0.0460526 0.0374876 -0.0154436 0.0136735 0.00816627
internal_weight=2084.98 1361.91 731.547 630.363 307.58 723.068 287.47 423.967 266.79 237.337 485.732 224.075 342.893 152.529 223.369 106.561 262.455 206.232 63.3951 223.277 117.514 116.162 157.177 57.4908 79.8382 136.661 80.9727 196.147 86.7632 70.1379
internal_count=9605 5940 3310 2630 1574 3665 1212 1736 1101 1080 2585 918 1418 652 925 436 1339 840 294 1246 482 501 635 231 337 578 339 986 352 285
is_linear=0
shrinkage=0.045


Tree=17
num_leaves=31
num_cat=0
split_feature=15 29 4 29 22 19 4 14 19 6 9 4 19 0 22 27 9 0 34 19 22 21 20 20 3 21 34 7 19 34
split_gain=221.298 96.0968 138.386 61.0168 31.8677 31.9568 20.3832 19.9895 17.7026 17.0352 14.249 14.0195 11.4224 10.9121 11.1306 10.2201 10.0189 9.47216 8.96814 8.19716 7.97318 7.56331 7.279 7.16224 6.63772 6.46429 6.42125 5.56099 5.17498 5.14234
threshold=1.0000000180025095e-35 1.0000000180025095e-35 1.0000000180025095e-35 1.0000000180025095e-35 3463.1240503938211 1.0000000180025095e-35 1.0000000180025095e-35 0.60165000000000013 1.0000000180025095e-35 1.0000000180025095e-35 1.0000000180025095e-35 1.0000000180025095e-35 1.0000000180025095e-35 9760.8600000000024 1245.6115072455002 1.0000000180025095e-35 1.0000000180025095e-35 6193.6400000000003 0.74880952380952392 1.0000000180025095e-35 875.681723952011 2.9179069750000006 604.65608573432303 212.05129417083916 622.6862235743057 1.2689501000000003 0.5011904761904763 1.0000000180025095e-35 1.5000000000000002 0.64833333333333354
decision_type=2 2 2 2 2 2 2 2 2 2 2 2 2 2 2 2 2 2 2 2 2 2 2 2 2 2 2 2 2 2
left_child=3 2 9 6 5 20 8 13 -1 12 27 16 18 14 21 -11 -7 28 -2 -19 22 -3 -5 -12 -13 -17 -14 -10 -9 -4
right_child=1 7 29 4 -6 11 -8 17 10 15 23 24 26 -15 -16 25 -18 19 -20 -21 -22 -23 -24 -25 -26 -27 -28 -29 -30 -31
leaf_value=-0.030136297897329738 -0.0043354762718373569 0.025700765635563543 -0.045755073446906186 3.2251694781682545e-05 0.033207892468422609 -0.0077556854313121284 -0.039336395192257692 0.03495659806971442 -0.021299225007067754 -0.028937123099751366 0.032304111416528482 0.025902641577312677 0.00026647360286749825 0.042576416404560405 0.037713913112076239 0.033034857337334397 0.027025637073621808 0.0018220276702718757 0.024690114991826443 0.032236956339410094 -0.030602933326110766 -0.0012713503288190309 -0.022928065471561947 -0.0051012838348914154 -0.0067781050246987686 0.0011287309928947309 0.029037942403052512 -0.0035507070940326581 0.050054632392949085 -0.027386240069679924
leaf_weight=179.99863536655903 52.337283030152321 26.909676194190979 47.66589692234993 53.024564445018768 43.667177528142929 134.54785472154617 147.91387435793877 123.15367585420609 130.33763872087002 18.72146774828434 18.980086609721184 64.604886963963509 17.039687767624855 27.107323959469795 25.792279779911041 14.751521483063696 18.151719823479652 25.200740247964859 35.363290175795555 62.403619706630707 83.527666106820107 85.342482089996338 58.144313484430313 21.05660355091095 15.125573396682737 70.439849376678467 202.83896787464619 49.742977753281593 93.167463421821594 112.79202644526958
leaf_count=987 214 109 274 244 184 595 831 507 675 82 81 260 69 110 105 62 74 102 143 260 396 350 275 95 61 303 824 243 392 650
internal_value=3.83843e-05 0.014623 0.00223003 -0.0148638 -0.00297048 -0.00673809 -0.0250569 0.029697 -0.0196932 0.0160506 -0.0110559 0.00452538 0.0213574 0.0169404 0.0116364 0.000288841 -0.00347222 0.0365505 0.00751485 0.0236069 -0.0201389 0.00536439 -0.012074 0.0129865 0.0196957 0.00697269 0.0268196 -0.0164433 0.0416596 -0.0330925
internal_weight=2059.85 1041.03 571.95 1018.82 470.794 427.127 548.03 469.077 400.116 411.492 220.117 232.43 307.579 165.152 138.044 103.913 152.7 303.925 87.7006 87.6044 194.697 112.252 111.169 40.0367 79.7305 85.1914 219.879 180.081 216.321 160.458
internal_count=9557 4556 2621 5001 2089 1905 2912 1935 2081 1697 1094 990 1250 674 564 447 669 1261 357 362 915 459 519 176 321 365 893 918 899 924
is_linear=0
shrinkage=0.045


Tree=18
num_leaves=31
num_cat=0
split_feature=34 19 5 29 9 6 29 34 22 29 4 5 26 20 19 14 21 20 4 0 19 22 22 20 21 20 20 21 0 20
split_gain=193.695 67.4102 52.8365 92.3153 44.0368 33.908 26.4575 20.3823 16.2137 16.189 13.8022 13.1027 20.0849 15.3574 12.0337 10.9122 10.7148 10.4736 9.6206 8.77995 8.54369 7.55603 7.45066 6.87843 6.85003 6.41153 6.00883 5.88635 5.41855 5.35408
threshold=0.3083333333333334 1.0000000180025095e-35 1.0000000180025095e-35 1.0000000180025095e-35 1.0000000180025095e-35 1.0000000180025095e-35 1.0000000180025095e-35 0.82705802968960873 2479.9922125027801 1.0000000180025095e-35 1.0000000180025095e-35 1.0000000180025095e-35 1.0000000180025095e-35 4.9524261710358806 1.0000000180025095e-35 0.67240000000000011 2.1920424250000003 103.12176357431714 1.0000000180025095e-35 1293.9350000000002 2.5000000000000004 916.99814364809231 1288.2910973520397 110.13957020651043 4.5714401083333343 487.99870104690399 890.27008414211821 58.99190165833334 2415.3500000000008 358.28502365337971
decision_type=2 2 2 2 2 2 2 2 2 2 2 2 2 2 2 2 2 2 2 2 2 2 2 2 2 2 2 2 2 2
left_child=6 7 3 5 27 -3 10 8 16 17 11 12 13 -1 25 20 -2 -6 28 -7 -5 29 24 -18 -13 -8 -17 -4 -16 -9
right_child=1 2 4 15 9 19 14 21 -10 -11 -12 22 -14 -15 18 26 23 -19 -20 -21 -22 -23 -24 -25 -26 -27 -28 -29 -30 -31
leaf_value=0.027350518482459153 0.0086043221464204983 -0.031585458541360953 -0.0030105787985170063 0.010820824197969592 0.035759551945607509 -0.011506925208859594 -0.00069836700682466364 0.037194986106169475 0.019353200993559506 0.043902194632704977 -0.039080653083673887 -0.012873962767940112 -0.035854372441528982 -0.011154372930044459 0.011157443091705332 0.039566575518925992 -0.001819931019772066 0.016612071836674555 0.025080859883382683 0.017986972839503391 0.032779067214424147 -0.0018810316104678712 -0.0066202416076848822 -0.01851232615761687 -0.037646944999030249 -0.02937185915846352 0.010493848407036209 -0.037233564567656426 -0.017419134654583123 0.0098506814943152138
leaf_weight=28.014201954007149 42.87115104496479 127.51632469892502 35.838899046182632 166.57724119722843 101.76669101417065 34.764582991600037 24.600886836647987 28.35376338660717 35.067192956805229 147.99917808175087 131.85744087398052 28.923954531550407 46.609516441822052 74.708473727107048 22.028724238276482 77.243465676903725 62.569729194045067 140.41507031023502 32.232302129268646 46.879219129681587 45.481394246220589 39.616223156452179 25.115851059556007 252.31626228988171 131.05704686045647 43.349600583314896 18.726590141654015 13.327356830239294 31.481620743870735 30.612204745411873
leaf_count=129 190 739 167 671 415 147 118 119 153 634 759 157 262 373 98 318 280 573 130 197 183 169 134 1166 747 215 76 62 142 132
internal_value=-0.000351485 0.00866042 0.0156144 0.00584765 0.0270721 -0.0171754 -0.0213785 -0.00487982 -0.00947039 0.0321219 -0.0267069 -0.0217262 -0.0116937 -0.000490993 -0.00514486 0.0214859 -0.0123417 0.024772 0.00604817 0.00544096 0.0156621 0.0133238 -0.029714 -0.0152117 -0.0332759 -0.0191516 0.0340603 -0.0128446 -0.00566608 0.0234002
internal_weight=2067.92 1447.94 956.536 517.189 439.347 209.16 619.98 491.407 392.824 390.181 466.286 334.429 149.332 102.723 153.693 308.029 357.757 242.182 85.7426 81.6438 212.059 98.5822 185.097 314.886 159.981 67.9505 95.9701 49.1663 53.5103 58.966
internal_count=9655 6391 4182 2331 1851 1083 3264 2209 1789 1622 2561 1802 764 502 703 1248 1636 988 370 344 854 420 1038 1446 904 333 394 229 240 251
is_linear=0
shrinkage=0.045


Tree=19
num_leaves=31
num_cat=0
split_feature=34 29 4 14 34 19 19 19 22 21 17 19 21 20 20 19 20 22 34 6 21 22 20 15 13 22 20 22 20 0
split_gain=188.136 69.1719 120.053 34.3892 33.435 21.9971 18.1039 17.0691 16.4533 17.8776 14.4318 11.4703 10.8359 9.29126 9.29018 8.79216 9.53644 8.6314 7.99363 8.00836 7.86978 7.09045 5.69873 4.34944 4.27282 4.27127 4.17701 3.86416 6.41141 3.81176
threshold=0.37500000000000006 1.0000000180025095e-35 1.0000000180025095e-35 0.6372000000000001 0.28333333333333338 1.0000000180025095e-35 1.0000000180025095e-35 1.5000000000000002 3463.1240503938211 1.4071190083333336 0.77350427350427353 1.0000000180025095e-35 5.9162555416666676 4.6625880818229168 903.78341161067135 2.5000000000000004 110.13957020651043 697.53148465671518 0.48833333333333334 1.0000000180025095e-35 42.11851020000001 900.53136531894586 1.3503331902141207 27.102640200277779 4.5000000000000009 5167.5937105994335 480.74858712678827 1092.2116082447658 313.22772113722812 9153.7550000000028
decision_type=2 2 2 2 2 2 2 2 2 2 2 2 2 2 2 2 2 2 2 2 2 2 2 2 2 2 2 2 2 2
left_child=4 2 5 8 7 12 -6 13 9 24 -11 14 -2 -1 -5 16 22 -9 -7 -20 -14 -17 -8 -13 -3 -15 -18 -19 -29 -25
right_child=1 3 -4 11 6 18 15 17 -10 10 -12 23 20 25 -16 21 26 27 19 -21 -22 -23 -24 29 -26 -27 -28 28 -30 -31
leaf_value=-0.013271165303480494 0.020003059813611276 0.039430418605134639 -0.032979958514848959 0.027973863801358703 -0.019562381499989984 -0.0084606812349189917 -0.013519032409261942 0.0082025304773345343 0.038802151691435832 -0.0046366482573579094 0.017786377717159404 0.015886591666221819 -0.023040177430889534 -0.036567752090749639 -0.0065817870967375108 -0.0030885539765436584 -0.024535813383296218 -0.02691276768478279 0.024282189000801237 0.0074017083152320374 0.00084122866350297128 0.033057687362150395 0.018586948698167158 0.044494010690126422 0.013893766344950246 -0.0072586085323505106 -0.005851305873001326 -0.025959781650601317 0.018345396692554541 0.025103372278051816
leaf_weight=47.412779167294502 31.360110461711884 37.616377159953117 164.40316347777843 54.28567810356617 155.71002112329006 20.885203644633293 14.106662154197691 32.888508424162865 39.847834795713425 167.06244799494743 87.899889662861824 16.504593551158905 48.327727630734444 245.14892616868019 21.572327688336372 18.432140082120895 34.087355405092239 46.573820888996124 224.5255541652441 77.6401207447052 64.297971740365028 25.648624107241631 43.907904952764511 144.15651914477348 22.597501009702682 11.081707820296286 81.37242092192173 12.692162290215494 11.835163205862044 29.285657271742821
leaf_count=253 131 154 977 221 802 87 64 167 163 702 363 69 208 1392 88 83 159 238 926 326 278 114 196 616 92 60 378 65 60 123
internal_value=-0.000341403 0.0104657 -2.54818e-05 0.021119 -0.0176631 0.0116206 -0.0079011 -0.0265609 0.0119022 0.00838924 0.00313312 0.0333388 -0.00299538 -0.0319433 0.0181892 0.000496511 -0.00408318 -0.0106901 0.0181242 0.0199835 -0.00951888 0.0182101 0.0106834 0.039262 0.0302304 -0.0353333 -0.0115309 -0.0194216 -0.00470004 0.0413826
internal_weight=2033.17 1252.27 631.44 620.829 780.898 467.037 373.265 407.633 355.024 315.176 254.962 265.805 143.986 303.643 75.858 217.555 173.474 103.99 323.051 302.166 112.626 44.0808 58.0146 189.947 60.2139 256.231 115.46 71.1011 24.5273 173.442
internal_count=9555 5524 2933 2591 4031 1956 1796 2235 1474 1311 1065 1117 617 1705 309 994 797 530 1339 1252 486 197 260 808 246 1452 537 363 125 739
is_linear=0
shrinkage=0.045


Tree=20
num_leaves=31
num_cat=0
split_feature=34 5 29 9 19 6 11 29 34 20 13 20 15 4 29 5 20 6 9 22 4 0 19 21 11 29 5 21 25 20
split_gain=182.474 63.8049 106.526 42.1252 30.3323 27.5626 19.4146 19.1047 15.2646 14.4792 13.2067 11.989 11.3951 10.9832 9.96525 9.66545 9.20962 8.78345 8.44764 8.41685 7.60979 7.52965 7.46044 7.11604 6.01848 5.91599 7.31821 6.27881 5.90642 5.87754
threshold=0.35833333333333334 1.0000000180025095e-35 1.0000000180025095e-35 1.0000000180025095e-35 1.0000000180025095e-35 1.0000000180025095e-35 1.0000000180025095e-35 1.0000000180025095e-35 0.82958333333333345 844.06297750094336 6.5000000000000009 4.9524261710358806 183.87296423166671 1.0000000180025095e-35 1.0000000180025095e-35 1.0000000180025095e-35 212.05129417083916 1.0000000180025095e-35 1.0000000180025095e-35 986.1666424823743 1.0000000180025095e-35 3940.9150000000004 1.5000000000000002 43.373110366666673 1.0000000180025095e-35 1.0000000180025095e-35 1.0000000180025095e-35 16.33745406666667 1.0000000180025095e-35 250.06027775633683
decision_type=2 2 2 2 2 2 2 2 2 2 2 2 2 2 2 2 2 2 2 2 2 2 2 2 2 2 2 2 2 2
left_child=4 2 5 19 17 24 14 13 10 -10 20 -8 -13 18 28 21 -7 25 -6 -3 -4 -9 -16 -19 -2 -1 27 -27 -5 -12
right_child=1 3 8 6 7 16 11 15 9 -11 29 12 -14 -15 22 -17 -18 23 -20 -21 -22 -23 -24 -25 -26 26 -28 -29 -30 -31
leaf_value=-0.037136187994974618 -0.023812024346813371 -0.025314108649484947 0.0033161665153482261 0.0019104844431089719 -0.014084917077813636 0.011921736529407147 0.030731732773552557 -0.00076570051761878683 0.034700494943310629 0.0017660018968393243 0.0050237546002942874 0.001193886683814987 0.030806193754212445 -0.033196503935056382 0.030990641867299728 -0.013273478796909668 -0.013365342527418318 -0.025646491821731746 0.023935139012942482 0.0094786866119644913 0.019866510432512259 0.025499544548266487 0.053351601946561238 0.0081447280924543536 -0.041246383685561792 0.014301317239580101 -0.037628377461264531 -0.020417460797901694 0.027175832276283812 -0.029145126586876513
leaf_weight=173.27241207659245 106.89243647456169 42.935901194810867 96.100943580269814 21.009514555335045 176.57569317519665 48.669112890958786 60.692194908857346 43.452736288309097 113.13935239613056 35.565283715724945 17.37485545873642 127.71481858193874 32.172786951065063 63.802843123674393 78.997426211833954 42.921693906188011 69.731781810522079 28.688723430037498 11.785271912813185 20.079435914754868 136.31071600317955 43.863890051841736 56.619505345821381 21.28890335559845 71.142379939556122 13.837465733289717 35.262097701430321 36.650386050343513 185.12899835407734 22.819039180874825
leaf_count=1059 638 208 399 86 923 207 250 177 465 145 71 532 131 364 337 210 304 150 50 90 563 177 253 111 429 64 195 172 762 95
internal_value=0.000292733 0.00996054 0.000800413 0.020456 -0.0184749 -0.0198294 0.0243639 -0.00996179 0.0153282 0.0268881 0.00894715 0.0138619 0.00730695 -0.0171681 0.031082 0.00401542 -0.00295821 -0.0289442 -0.0115923 -0.0142527 0.0130666 0.0125681 0.0406484 -0.0113751 -0.0309702 -0.0322773 -0.0221443 -0.010809 0.0246225 -0.0146113
internal_weight=2034.5 1343.1 717.746 625.351 691.402 296.436 562.335 382.402 421.31 148.705 272.606 220.58 159.888 252.164 341.755 130.238 118.401 309 188.361 63.0153 232.412 87.3166 135.617 49.9776 178.035 259.022 85.7499 50.4879 206.139 40.1939
internal_count=9617 5965 3316 2649 3652 1578 2351 1901 1738 610 1128 913 663 1337 1438 564 511 1751 973 298 962 354 590 261 1067 1490 431 236 848 166
is_linear=0
shrinkage=0.045


Tree=21
num_leaves=31
num_cat=0
split_feature=14 29 29 22 19 19 19 14 17 0 21 21 20 19 3 3 3 33 21 22 21 21 20 14 21 0 14 9 24 15
split_gain=155.55 58.8608 57.5453 27.1261 25.591 18.6999 14.205 13.7801 12.1329 10.1524 11.5299 9.63247 8.83006 8.6934 10.7771 10.4675 10.14 10.27 8.28006 8.99249 7.5953 7.50292 6.2512 6.03325 6.02226 5.90373 5.80914 5.74648 5.35018 5.09728
threshold=0.51365000000000005 1.0000000180025095e-35 1.0000000180025095e-35 3463.1240503938211 1.0000000180025095e-35 1.0000000180025095e-35 1.5000000000000002 0.71300000000000008 0.91812865497076024 3899.1600000000003 2.1920424250000003 2.5638064166666674 1004.9901158268229 2.5000000000000004 432.89418973236121 246.82510856250002 300.13398772222229 1.5000000000000002 1.4882045666666668 1288.2910973520397 66.363306650000013 39.498993600000013 4.6625880818229168 0.64685000000000015 2.1920424250000003 7336.1400000000003 0.59240000000000015 1.0000000180025095e-35 1.0000000180025095e-35 177.8291003688889
decision_type=2 2 2 2 2 2 2 2 2 2 2 2 2 2 2 2 2 2 2 2 2 2 2 2 2 2 2 2 2 2
left_child=2 13 5 4 11 -1 7 8 25 10 -6 -4 -8 14 16 -15 21 -18 -7 22 -13 -2 -20 26 -10 -3 -17 -21 -11 -9
right_child=1 6 3 -5 9 18 12 29 24 28 -12 20 -14 15 -16 23 17 -19 19 27 -22 -23 -24 -25 -26 -27 -28 -29 -30 -31
leaf_value=-0.030276766188875662 -0.011576822080499004 0.004954510691314782 0.013519173480030332 0.031945133237728685 0.022292157825459288 -0.001262679456184114 0.041197836505849426 0.025941457250181429 0.045214319711735396 0.00027234960355447643 -0.0089073920029593134 -0.023488402090938113 0.011213674522054113 -0.018654230619914447 -0.0069564687620771665 0.022238541935778473 -0.0060775514543133114 0.025873264744171887 -0.0087119650649506025 -0.011114907482329382 -0.0035142061435236497 0.013076672244325295 -0.026341560147007718 0.029985876351529678 0.015817705824881439 -0.024541478329140467 -0.016149329610743796 0.023412798656544605 0.021670511616446928 0.05009339589493142
leaf_weight=246.58033983409405 64.563583254814148 52.708518892526627 21.021751433610916 47.075696989893913 29.632186710834503 80.526350915431976 139.98386871814728 69.861997410655022 18.028300538659096 32.73415544629097 109.64577107131481 141.19306679069996 24.217906266450882 14.809057295322416 193.65438625216484 16.592722356319431 27.096784442663193 77.230830296874046 57.291816756129265 25.445762395858765 53.431273072957993 39.42218966782093 152.13948632776737 56.031594276428223 63.717826470732689 17.479810893535614 13.667390897870062 14.477029576897619 84.611983850598335 25.972137257456779
leaf_count=1446 307 218 95 197 124 407 604 292 75 139 469 676 102 69 916 78 126 360 289 135 255 185 808 256 264 72 66 68 357 110
internal_value=0.000301841 0.01399 -0.0111306 -0.00026124 -0.00353227 -0.0209057 0.0265807 0.0196408 0.0110938 0.00606207 -0.00215791 -0.0149251 0.0368702 0.00364711 0.000667026 0.0153731 0.00775343 0.0175958 -0.0138307 -0.0178681 -0.0180508 -0.00219487 -0.0215831 0.0213595 0.0227689 -0.00263277 0.00493818 0.00167189 0.0157542 0.0329366
internal_weight=2010.85 915.039 1095.81 519.346 472.27 576.461 411.97 247.769 151.934 256.624 139.278 215.646 164.202 503.069 401.968 101.101 208.313 104.328 329.88 249.354 194.624 103.986 209.431 86.2917 81.7461 70.1883 30.2601 39.9228 117.346 95.8341
internal_count=9565 4100 5465 2312 2115 3153 1737 1031 629 1089 593 1026 706 2363 1894 469 978 486 1707 1300 931 492 1097 400 339 290 144 203 496 402
is_linear=0
shrinkage=0.045


Tree=22
num_leaves=31
num_cat=0
split_feature=34 34 29 4 20 15 19 22 29 19 15 14 34 6 7 26 6 29 15 15 4 20 34 19 0 20 0 22 15 32
split_gain=146.569 50.3773 38.3149 55.0196 35.4038 24.678 22.6982 14.5021 13.7875 12.514 11.5688 11.2758 8.96131 8.35315 7.92649 28.3169 7.65657 7.27949 7.07825 6.56391 6.38857 6.10594 5.70367 5.74275 5.69539 5.36794 5.30639 5.18043 5.15811 5.08575
threshold=0.3083333333333334 0.70505050505050504 1.0000000180025095e-35 1.0000000180025095e-35 4.9524261710358806 1.0000000180025095e-35 1.0000000180025095e-35 3463.1240503938211 1.0000000180025095e-35 1.5000000000000002 43.571773653472228 0.70085000000000008 0.83015151515151531 1.0000000180025095e-35 1.0000000180025095e-35 1.0000000180025095e-35 1.0000000180025095e-35 1.0000000180025095e-35 50.139126469444449 135.31299079722223 1.0000000180025095e-35 644.81149702671894 0.28333333333333338 1.5000000000000002 1376.2350000000004 1057.3375849141842 3940.9150000000004 896.47565592303772 24.116521315694445 0.40175438596491236
decision_type=2 2 2 2 2 2 2 2 2 2 2 2 2 2 2 2 2 2 2 2 2 2 2 2 2 2 2 2 2 2
left_child=6 4 3 13 29 -4 16 9 14 19 -9 12 -7 28 22 -16 17 -1 -5 -6 -10 -19 23 -8 -15 -13 -11 -24 -3 -2
right_child=1 2 5 18 7 11 8 10 20 26 -12 25 -14 24 15 -17 -18 21 -20 -21 -22 -23 27 -25 -26 -27 -28 -29 -30 -31
leaf_value=-0.037426484632290598 -0.0089372247547917592 -0.0032125181698740542 -0.018537703163366538 -0.00075129417429033911 -0.017151054553302795 0.010704730752482879 -0.034810357827273118 0.038268818851803089 -0.0052686282374938475 -0.0044303100005738368 -0.0076032919661337779 0.041350017678158733 0.029877101449834742 -0.012751300653583058 0.028184253224635476 -0.037888809512022711 -0.011784365492431063 -0.0019102651546121557 -0.033340199758360986 -0.0019957911753988636 0.020594855719494241 -0.031402524526360824 -0.022090936244698742 -0.016064394241176189 0.013731910174977543 0.017037864376021939 0.015642771706075878 0.0057871127860795952 0.022905266263455914 0.017053257754810716
leaf_weight=166.73562653362751 16.046071365475655 16.701484352350235 23.61103443801403 16.891066387295723 282.08562269806862 92.288225382566452 70.594056755304337 22.942584753036499 49.895780846476555 69.398316219449043 20.286471620202065 127.92629699409008 109.50755847990513 29.884191185235977 28.654569566249847 22.578959673643112 44.087127029895782 25.838922470808029 67.087953507900238 73.099938616156578 30.275462821125984 30.978651165962219 25.963371500372887 67.392839595675468 34.181865528225899 23.767431199550629 41.997516736388206 26.370861127972603 157.0339235663414 179.07447245717049
leaf_count=1063 73 77 98 103 1312 384 408 97 225 304 94 556 461 127 124 133 238 130 411 335 122 162 137 368 145 101 184 136 648 787
internal_value=-0.000791275 0.00711582 0.0156682 0.00424045 -0.00137332 0.0253825 -0.0196053 -0.0076114 -0.0114951 -0.00992852 0.0170568 0.0283601 0.0212049 0.0152941 -0.0168446 -0.00110249 -0.0292754 -0.032657 -0.0268714 -0.0140463 0.00463172 -0.0182553 -0.0210544 -0.0258363 0.00137246 0.0376773 0.00320932 -0.00819826 0.0203905 0.0148812
internal_weight=1993.18 1403.81 698.881 321.78 704.931 377.101 589.366 509.81 321.726 466.581 43.2291 353.49 201.796 237.801 241.555 51.2335 267.64 223.553 83.979 355.186 80.1712 56.8176 190.321 137.987 64.0661 151.694 111.396 52.3342 173.735 195.121
internal_count=9543 6297 3111 1511 3186 1600 3246 2326 1653 2135 191 1502 845 997 1306 257 1593 1355 514 1647 347 292 1049 776 272 657 488 273 725 860
is_linear=0
shrinkage=0.045


Tree=23
num_leaves=31
num_cat=0
split_feature=34 5 29 9 4 29 22 19 19 21 19 21 21 21 4 3 34 26 5 14 22 0 2 22 34 14 3 6 34 25
split_gain=156.503 52.2717 79.3275 58.4019 32.9369 19.3081 17.3323 17.262 13.1222 15.1749 12.2564 10.2809 11.6982 9.05869 8.85383 8.81417 8.54598 8.14699 19.3305 7.45941 7.26564 6.77971 6.52688 6.48463 5.83586 5.78597 5.39137 5.34775 4.89335 4.80957
threshold=0.3083333333333334 1.0000000180025095e-35 1.0000000180025095e-35 1.0000000180025095e-35 1.0000000180025095e-35 1.0000000180025095e-35 1310.629131461691 1.0000000180025095e-35 1.5000000000000002 2.9179069750000006 1.0000000180025095e-35 5.9162555416666676 65.87716487500002 0.8540672250000001 1.0000000180025095e-35 519.08947149638914 0.73796078431372558 1.0000000180025095e-35 1.0000000180025095e-35 0.37330000000000002 1281.6394175317428 1226.9900000000002 0.89341197624966606 672.92171811209494 0.71220238095238109 0.67455000000000009 354.48323228819453 1.0000000180025095e-35 0.9031159420289856 1.5000000000000002
decision_type=2 2 2 2 2 2 2 2 2 2 2 2 2 2 2 2 2 2 2 2 2 2 2 2 2 2 2 2 2 2
left_child=5 2 4 20 13 10 8 16 9 -4 27 -7 23 -2 17 -8 19 18 -12 -5 -3 -15 -18 -13 -6 -9 -27 -1 -10 -14
right_child=1 3 6 7 24 11 15 25 28 -11 14 12 29 21 -16 -17 22 -19 -20 -21 -22 -23 -24 -25 -26 26 -28 -29 -30 -31
leaf_value=-0.037047172294634848 0.029491352230540696 -0.021857394937420525 0.025447521705611327 0.029632781369087199 -0.040984678854901972 0.016899694888728643 0.018904574325042962 0.022901508798000181 0.014416076280169931 -0.0031890749968718872 0.011853061009861821 0.0030417923568537668 -0.0049500382600653056 -0.019490395394662081 -0.033006394867285467 0.053167158905672612 -0.0030696601330954362 -0.03099827857495498 -0.022091105591914784 -0.0027142223814161158 0.011767543886549985 0.0026826865463699169 0.029092157144121073 -0.028274910697512222 -0.02331837999347957 0.022387030358924458 0.040604985428074274 -0.01583368758744523 0.03642413316759216 0.027970563071465636
leaf_weight=159.59906108677387 15.35465596616268 76.223095297813416 43.968723312020302 16.230779856443405 80.332059949636459 30.102570742368698 42.585112556815147 212.47261160612106 112.66691707074642 223.88557118177414 58.157638654112816 16.712218910455704 20.5144202709198 45.870810374617577 60.300918787717819 24.439844697713852 15.958228319883345 38.577657952904701 79.086703047156334 88.254889398813248 14.986189544200895 68.572629272937775 59.689457625150681 62.839389070868492 82.392191350460052 54.500418797135353 105.39359076321125 30.846717342734337 25.016916304826736 14.656640037894247
leaf_count=1041 66 383 181 69 496 134 175 888 462 948 272 79 99 206 359 101 66 222 440 368 67 304 247 297 512 235 461 173 106 68
internal_value=-0.000537703 0.00751953 -0.000434083 0.0169589 -0.0188146 -0.0203816 0.0109594 0.0224631 0.00741244 0.00158884 -0.025194 -0.00613148 -0.0122685 -0.00186981 -0.0182107 0.0319959 0.0109415 -0.0129783 -0.00772549 0.00254384 -0.0162649 -0.0062965 0.0223559 -0.0217398 -0.0322368 0.0279924 0.0345731 -0.0337119 0.0186487 0.00916279
internal_weight=1980.19 1408.79 765.085 643.709 292.522 571.394 472.563 552.5 405.538 267.854 426.569 144.825 114.723 129.798 236.123 67.025 180.133 175.822 137.244 104.486 91.2093 114.443 75.6477 79.5516 162.724 372.367 159.894 190.446 137.684 35.1711
internal_count=9525 6341 3557 2784 1584 3184 1973 2334 1697 1129 2507 677 543 576 1293 276 750 934 712 437 450 510 313 376 1008 1584 696 1214 568 167
is_linear=0
shrinkage=0.045


Tree=24
num_leaves=31
num_cat=0
split_feature=34 5 29 9 6 19 19 20 29 20 19 34 21 19 20 19 21 26 5 21 21 20 25 14 0 10 34 3 0 7
split_gain=135.343 48.8561 88.1107 53.0398 34.0607 20.0556 18.997 19.9274 16.0114 15.4411 11.5438 11.3865 10.5021 10.824 9.63181 8.54778 8.37777 8.02185 8.19921 7.64254 12.6485 5.88701 5.22702 5.06371 4.9612 4.69924 4.46895 4.40003 4.30429 4.21219
threshold=0.3083333333333334 1.0000000180025095e-35 1.0000000180025095e-35 1.0000000180025095e-35 1.0000000180025095e-35 1.0000000180025095e-35 2.5000000000000004 4.6625880818229168 1.0000000180025095e-35 138.98794480060187 1.5000000000000002 0.71135265700483097 2.1920424250000003 2.5000000000000004 103.12176357431714 1.5000000000000002 5.9162555416666676 1.0000000180025095e-35 1.0000000180025095e-35 5.9162555416666676 42.11851020000001 487.99870104690399 2.5000000000000004 0.58250000000000013 3080.2450000000003 1.0000000180025095e-35 0.82247474747474747 269.77501904208333 4382.8400000000011 1.0000000180025095e-35
decision_type=2 2 2 2 2 2 2 2 2 2 2 2 2 2 2 2 2 2 2 2 2 2 2 2 2 2 2 2 2 2
left_child=6 2 4 10 25 19 7 17 29 26 21 14 -11 -14 -7 23 -10 18 28 -5 -21 -3 -20 -6 -8 -2 27 -4 -1 -9
right_child=1 3 9 5 15 11 24 8 16 12 -12 -13 13 -15 -16 -17 -18 -19 22 20 -22 -23 -24 -25 -26 -27 -28 -29 -30 -31
leaf_value=0.020628185282306873 -0.041135893228554661 -0.0091031546477969467 -0.0018932399476974803 0.027472546048612982 -0.024115479842006089 0.032784348353395547 0.012855868339653728 -0.033462870230921711 0.017040696141497943 0.022215602365415879 0.012675296916986522 0.034632498572758949 -0.0016219503909334319 0.030767768169635258 0.009257293180166274 0.014973645849626939 -0.016306312930040406 -0.031141891593235185 -0.026760750853845792 -0.010318353613154757 0.01660453180872664 -0.036030808508133158 0.0090245147578071495 -0.00063838574898609059 -0.01227294895947202 -0.025366136449694921 0.032138586341680445 0.021285468051915696 -0.0090891934450708211 -0.017522584325230132
leaf_weight=38.949969351291656 70.784484267234802 30.433445334434509 20.341970533132553 37.47881606221199 29.518516167998314 56.853783905506134 44.169640973210335 251.21522836387157 17.523143380880356 61.980847477912903 22.203175753355026 219.98116888105869 214.24809388816357 22.141610518097878 93.189616575837135 43.105525955557823 88.882397502660751 16.741005793213844 22.883327454328537 62.102764293551445 79.470272347331047 37.17098842561245 12.018940970301626 47.797252431511879 23.621933579444885 102.35663445293903 65.375359922647476 85.226320266723633 12.461808547377585 42.895690366625786
leaf_count=199 445 151 83 155 138 236 222 1569 80 256 99 963 910 91 383 178 435 92 130 261 331 198 64 207 118 638 275 349 64 248
internal_value=0.000178567 0.00770296 1.15815e-05 0.0168727 -0.0192875 0.0221132 -0.0182627 -0.0212684 -0.0257997 0.0120988 -0.0150579 0.0280892 0.00588585 0.00152868 0.0183301 -0.000878755 -0.0107071 -0.00357884 0.00206258 0.00967591 0.00480494 -0.0242182 -0.0145296 -0.00979522 0.00404862 -0.0320124 0.0228457 0.0168433 0.0133889 -0.0312053
internal_weight=1973.12 1401.76 762.877 638.884 293.562 549.076 571.363 503.572 400.516 469.314 89.8076 370.025 298.371 236.39 150.043 120.421 106.406 103.055 86.314 179.052 141.573 67.6044 34.9023 77.3158 67.7916 173.141 170.944 105.568 51.4118 294.111
internal_count=9568 6347 3570 2777 1606 2329 3221 2881 2332 1964 448 1582 1257 1001 619 523 515 549 457 747 592 349 194 345 340 1083 707 432 263 1817
is_linear=0
shrinkage=0.045


Tree=25
num_leaves=31
num_cat=0
split_feature=15 29 4 29 4 19 14 5 9 19 19 13 21 14 12 21 0 8 21 21 25 34 0 15 10 33 19 21 25 15
split_gain=133.863 58.357 81.0827 37.1747 17.423 15.9262 15.3998 14.719 15.2188 14.0055 13.3472 12.5584 12.2336 11.8793 13.3143 11.5312 9.47163 8.66186 8.37947 7.1529 6.93318 6.737 7.67306 6.4758 6.34094 5.96852 5.61756 7.15991 5.30946 4.76172
threshold=1.0000000180025095e-35 1.0000000180025095e-35 1.0000000180025095e-35 1.0000000180025095e-35 1.0000000180025095e-35 2.5000000000000004 0.70085000000000008 1.0000000180025095e-35 1.0000000180025095e-35 1.0000000180025095e-35 1.5000000000000002 2.5000000000000004 8.6933815416666693 0.6452500000000001 1.0000000180025095e-35 1.4071190083333336 7213.9550000000008 1.0000000180025095e-35 36.672205083333345 67.217452675000018 3.5000000000000004 0.28333333333333338 1458.7 51.863905972222234 1.0000000180025095e-35 2.5000000000000004 2.5000000000000004 58.469392983333343 3.5000000000000004 90.182418913750013
decision_type=2 2 2 2 2 2 2 2 2 2 2 2 2 2 2 2 2 2 2 2 2 2 2 2 2 2 2 2 2 2
left_child=3 2 13 4 9 7 10 12 20 -1 11 -3 -5 14 19 -13 -8 -14 -18 -2 -9 25 -23 -4 29 -11 27 -15 -16 -12
right_child=1 6 23 5 -6 -7 16 8 -10 21 24 15 17 26 28 -17 18 -19 -20 -21 -22 22 -24 -25 -26 -27 -28 -29 -30 -31
leaf_value=-0.025060371246478592 -0.017083434699407447 0.035827392655447619 -0.0049271861701266359 0.019557949492547962 -0.034558065165864633 0.020993136070916803 0.039889374978985898 -0.027298563901836388 0.015582407304174692 -0.0038010701739108793 -0.0020084036217560696 0.029000636418938436 0.014260303304314052 0.0093789413990485702 0.0084571065039155159 -0.0021630364293753449 0.031105546169709841 -0.0086171334222331242 -0.010688226592400272 0.015579764816105821 0.0031531437224029185 -0.011899054267373267 0.014945710283304488 -0.032155418650930329 0.040245406244789443 -0.023308721436746255 0.03197591823847383 0.030970787765274069 0.032749924889679552 0.02707317766215913
leaf_weight=165.77056622505188 64.008043244481087 29.344618603587151 21.295110777020454 54.953255355358124 127.94934564828873 50.595621347427368 132.62600460648537 107.51156188547611 23.93632547557354 60.961569085717201 16.713206812739372 29.004739955067635 40.808468297123909 127.23810936510563 89.212937548756599 120.4463624805212 22.577937468886375 168.74020172655582 15.842402786016462 16.318820044398308 17.369206234812737 39.948675230145454 44.571684524416924 116.48113232851028 54.722530245780945 66.37018033862114 50.836732670664787 40.871915280818939 22.316666588187218 34.00938892364502
leaf_count=1023 270 122 136 230 827 209 589 570 100 336 70 122 177 534 372 500 98 733 68 69 82 194 216 755 241 368 213 171 93 141
internal_value=0.000119643 0.0116319 0.00173839 -0.0118005 -0.0202292 -0.00259125 0.0235227 -0.00552198 -0.0167919 -0.0152957 0.0170012 0.00942532 0.000858218 0.0117602 0.00355613 0.00403762 0.034198 -0.00411531 0.0140382 -0.0103378 -0.0230717 -0.00757325 0.00226672 -0.0280128 0.029638 -0.0140716 0.0189004 0.0147806 0.0135658 0.0176372
internal_weight=1973.35 1003.87 548.579 969.487 505.572 463.915 455.287 413.319 148.817 377.623 284.241 178.796 264.502 410.803 191.856 149.451 171.046 209.549 38.4203 80.3269 124.881 211.852 84.5204 137.776 105.445 127.332 218.947 168.11 111.53 50.7226
internal_count=9629 4564 2613 5065 2964 2101 1951 1892 752 2137 1196 744 1140 1722 804 622 755 910 166 339 652 1114 410 891 452 704 918 705 465 211
is_linear=0
shrinkage=0.045


Tree=26
num_leaves=31
num_cat=0
split_feature=34 5 29 19 34 6 34 15 29 19 19 23 5 21 20 29 20 21 5 1 7 14 14 15 1 14 17 34 21 21
split_gain=112.749 53.5857 57.157 24.0377 19.9523 18.3644 17.4393 14.1937 11.7894 10.9204 10.6652 10.5956 10.3493 9.8378 8.63667 8.14415 7.3658 9.51266 7.24549 6.73772 6.26778 6.19341 5.92039 6.51534 5.77449 5.41983 7.43755 5.67509 5.18621 5.06658
threshold=0.37500000000000006 1.0000000180025095e-35 1.0000000180025095e-35 2.5000000000000004 0.75857142857142867 1.0000000180025095e-35 0.28333333333333338 183.87296423166671 1.0000000180025095e-35 1.0000000180025095e-35 1.5000000000000002 1.0000000180025095e-35 1.0000000180025095e-35 1.375625566666667 4.5990264448900469 1.0000000180025095e-35 138.98794480060187 3.875664841666667 1.0000000180025095e-35 8.0961077127815546 1.0000000180025095e-35 0.74975000000000014 0.63555000000000017 50.139126469444449 8.3120123371931651 0.56295000000000006 0.7543103448275863 0.61966873706004155 25.457732325000006 65.54579440000002
decision_type=2 2 2 2 2 2 2 2 2 2 2 2 2 2 2 2 2 2 2 2 2 2 2 2 2 2 2 2 2 2
left_child=3 2 5 6 7 22 8 10 14 13 11 -3 28 -4 18 19 -8 -18 -1 -5 21 -11 -2 -24 -15 27 -27 -7 -10 -19
right_child=1 4 9 15 -6 25 16 -9 12 20 -12 -13 -14 24 -16 -17 17 29 -20 -21 -22 -23 23 -25 -26 26 -28 -29 -30 -31
leaf_value=0.0011783064625881768 -0.034871238792413647 -0.0038709656738416128 0.033203594769640403 0.0073679332300754094 0.027959301361077275 -0.035821890183812918 0.001569523957102363 0.030507898714847912 0.0295577622988401 0.014442483232689589 0.019325034089772725 0.031619481083784054 -0.032059019403452016 -0.014142516148743388 -0.031681043819387106 0.02660677868990528 0.0082332891745784242 -0.02186907523568335 -0.031826376276536929 -0.02939692971263981 -0.0070515348681716309 0.03211702033640669 0.0047647644583401396 -0.024168213649516542 0.0061681728056947735 0.024714126737132955 -0.0045847918086810357 0.0010893946324025438 -0.0043245618036631284 -0.0052579113843007393
leaf_weight=34.680761560797691 75.969217821955681 156.97656345367432 15.137641206383703 37.506109803915024 249.21733938157558 16.087943434715271 90.937889263033867 59.863668769598007 13.805050119757651 170.5183460265398 84.763955876231194 18.09325447678566 17.872808322310448 57.735997676849365 224.03101362287998 31.307320609688759 33.811266079545021 140.01315827667713 20.951607659459114 12.68765354156494 20.274107858538628 53.348964095115662 20.416772648692131 64.014694139361382 53.955974832177162 23.410685896873474 61.577254727482796 16.544044077396393 23.386339262127876 51.544596895575523
leaf_count=193 499 669 62 194 1096 76 434 247 60 702 355 75 101 243 1456 130 166 731 128 70 82 232 126 419 225 100 260 74 105 269
internal_value=-2.95942e-05 0.00835932 -0.000481678 -0.0139693 0.0184279 -0.0158765 -0.0168517 0.0109337 -0.0240037 0.0110675 0.00632429 -4.4318e-05 -0.00486763 0.000345232 -0.0277408 0.00898084 -0.00923142 -0.0135773 -0.011594 -0.00231795 0.0166135 0.0187785 -0.0257326 -0.0171979 -0.00436319 -0.00233203 0.00367941 -0.0176323 0.00869683 -0.0174498
internal_weight=1950.44 1217.91 648.992 732.536 568.915 278.021 651.034 319.697 334.728 370.971 259.834 175.07 55.0642 126.83 279.663 81.5011 316.307 225.369 55.6324 50.1938 244.141 223.867 160.401 84.4315 111.692 117.62 84.9879 32.632 37.1914 191.558
internal_count=9579 5542 3100 4037 2442 1554 3643 1346 2043 1546 1099 744 266 530 1777 394 1600 1166 321 264 1016 934 1044 545 468 510 360 150 165 1000
is_linear=0
shrinkage=0.045


Tree=27
num_leaves=31
num_cat=0
split_feature=15 29 4 29 20 19 14 4 19 20 13 14 6 20 21 25 2 22 3 1 22 20 4 20 1 22 17 22 21 24
split_gain=94.2668 54.2694 78.7303 41.4398 16.8501 14.2944 13.9202 12.359 11.1921 10.7394 10.55 10.0002 9.97172 9.78766 9.49856 8.21467 7.95645 7.32867 10.5819 7.24766 7.22745 7.0175 6.53931 6.47218 5.6877 5.50464 5.38339 5.36275 6.9604 4.31893
threshold=1.0000000180025095e-35 1.0000000180025095e-35 1.0000000180025095e-35 1.0000000180025095e-35 4.7304159880324077 1.5000000000000002 0.70085000000000008 1.0000000180025095e-35 1.5000000000000002 110.13957020651043 6.5000000000000009 0.60165000000000013 1.0000000180025095e-35 4.2329112935937507 1.4882045666666668 1.0000000180025095e-35 0.68364747848319396 875.681723952011 322.90521694666671 8.8839111743901764 964.2369424611951 250.06027775633683 1.0000000180025095e-35 4.9524261710358806 8.0330890088032465 969.00230983319477 0.10818713450292401 3463.1240503938211 6.3385130000000007 1.0000000180025095e-35
decision_type=2 2 2 2 2 2 2 2 2 2 2 2 2 2 2 2 2 2 2 2 2 2 2 2 2 2 2 2 2 2
left_child=3 2 9 4 13 7 8 27 10 -2 16 -11 26 24 21 -13 -3 18 -7 -8 -12 -6 -16 -9 -1 -23 -10 28 -5 -19
right_child=1 6 -4 5 14 17 19 23 12 11 20 15 -14 -15 22 -17 -18 29 -20 -21 -22 25 -24 -25 -26 -27 -28 -29 -30 -31
leaf_value=-0.0033052705177386513 0.018746345116174651 -0.014131572496704242 -0.02998396339275566 0.0046797212782733319 -0.038214401701025573 0.031324670796967581 0.036133366991157753 0.027134150683618314 0.014535483963118665 -0.0076925175289391141 -0.021140419794855411 -0.015524150335136279 -0.0030781416417827541 0.031307656559170491 -0.023395961647362577 0.014891385043464198 0.018598073775290935 0.0015349953698934869 -0.010027595365717817 0.013169386512395466 0.015909886360844065 -0.0089579130359065517 -0.038345246041730056 0.00054943467901611537 -0.026845420359532034 0.025525778247520291 0.040452295895542389 0.011760327530842324 -0.018154967610160583 0.028570258682741049
leaf_weight=79.218134254217148 155.95427197217941 16.566240698099136 135.5525140017271 31.828179597854614 10.192427679896353 15.913372814655302 128.78909154236317 21.80414380133152 24.501222193241119 95.39740788936615 34.184212446212769 19.961527660489082 18.768589824438095 12.372449383139609 230.84749583899975 131.9733772277832 113.59576857089996 15.84819123148918 47.368895396590233 37.430493012070656 14.445593148469923 28.936261877417564 84.814622774720192 99.507988631725311 27.350620478391647 12.653730988502501 58.352608531713486 16.40434955060482 165.85379406809807 49.373664811253548
leaf_count=426 657 69 907 146 59 66 583 91 103 402 143 83 77 65 1390 555 474 66 199 163 60 165 588 440 155 70 260 71 827 206
internal_value=-0.00057013 0.00917682 -0.000442461 -0.010677 -0.0198401 -0.00104773 0.020757 -0.00593619 0.0145541 0.00953662 0.00770308 0.00367737 0.026415 -0.00506554 -0.0245959 0.0108199 0.0143565 0.0116586 0.000696648 0.0310719 -0.0100357 -0.00658091 -0.0275211 0.00551044 -0.0095402 0.00188673 0.033053 -0.0124179 -0.0144734 0.0221234
internal_weight=1935.76 985.473 538.839 950.288 486.386 463.903 446.634 335.398 280.414 403.287 178.792 247.332 101.622 118.941 367.445 151.935 130.162 128.504 63.2823 166.22 48.6298 51.7824 315.662 121.312 106.569 41.59 82.8538 214.086 197.682 65.2219
internal_count=9566 4536 2604 5030 2918 2112 1932 1575 1186 1697 746 1040 440 646 2272 638 543 537 265 746 203 294 1978 531 581 235 363 1044 973 272
is_linear=0
shrinkage=0.045


Tree=28
num_leaves=31
num_cat=0
split_feature=34 29 5 20 29 23 19 16 6 20 19 23 0 14 0 20 21 34 0 0 33 21 29 19 34 32 8 0 20 0
split_gain=90.1038 43.2666 33.9822 25.8911 21.002 20.4601 14.4887 13.0531 12.3073 11.0028 10.158 10.9087 9.19911 8.43293 7.71742 7.56359 7.30857 6.9318 6.9008 6.71564 6.491 5.86421 5.80526 5.84071 6.50369 5.79715 4.9222 4.72478 4.5856 4.57561
threshold=0.70653907496012769 1.0000000180025095e-35 1.0000000180025095e-35 4.7304159880324077 1.0000000180025095e-35 1.0000000180025095e-35 1.5000000000000002 1.0000000180025095e-35 1.0000000180025095e-35 4.3840781141898155 2.5000000000000004 1.0000000180025095e-35 2220.3550000000005 0.60165000000000013 1477.3900000000001 3.9531814220601857 6.3385130000000007 0.28333333333333338 887.5100000000001 1344.1400000000001 2.5000000000000004 67.217452675000018 1.0000000180025095e-35 1.0000000180025095e-35 0.8174242424242425 0.46085772634445205 1.0000000180025095e-35 5715.4600000000009 275.5306544911748 6279.3650000000007
decision_type=2 2 2 2 2 2 2 2 2 2 2 2 2 2 2 2 2 2 2 2 2 2 2 2 2 2 2 2 2 2
left_child=1 3 4 12 8 6 9 -6 -2 -3 11 17 18 -9 -7 -14 -11 -5 20 -10 -1 -13 27 24 -24 -8 -20 -4 -21 -15
right_child=2 5 22 10 7 14 25 13 19 16 -12 21 15 29 -16 -17 -18 -19 26 28 -22 -23 23 -25 -26 -27 -28 -29 -30 -31
leaf_value=0.01297226942262413 -0.021129569297656331 0.011967945201259647 0.020885734748219503 -0.030643184554410566 -0.025184150778781677 -0.001674083404654644 -0.014526669588878946 0.00024194640648469683 -0.01100994480915086 0.0086700655206771171 -0.002703213034603327 -0.010259829728865801 -0.018948637391234216 0.026467364479264278 0.03638341734203001 0.018357937075982426 -0.011887762676665178 -0.018809403443881691 -0.0062089586172552154 0.035911142902162824 -0.020062251736165125 0.027112867046321602 -0.00189320840287741 0.036668361393829181 0.031770864047034414 0.014988685437168768 0.023669296211005837 -0.0018167028237414395 0.0035149680130675525 0.0091661428351850951
leaf_weight=20.968782901763916 81.059438928961754 59.024379506707191 139.89338073134422 195.29632364213467 16.333814322948456 14.135446071624754 14.3914787620306 53.187296837568283 28.030193224549294 39.70202611386776 61.38346940279007 29.940469786524773 61.869721099734306 101.30437369644642 43.454182803630829 12.503398001193998 260.29062208533287 222.36247877776623 13.792553126811979 15.170092046260832 25.786945909261703 10.723601490259169 20.891913026571274 100.05240999162197 24.891043812036514 118.20582237839699 50.552739575505257 21.204801201820374 20.077859774231911 46.491965472698212
leaf_count=105 540 256 593 1322 68 60 61 218 119 177 313 164 337 435 184 65 1242 1166 72 63 132 58 87 484 107 497 252 90 85 197
internal_value=-0.000323315 -0.00743344 0.0130077 -0.0148009 0.00364228 0.00203616 -0.000957649 0.0124572 -0.00962399 -0.00565224 -0.0199434 -0.0222415 -0.000361722 0.0156258 0.027173 -0.0125164 -0.00914731 -0.0244028 0.00781393 0.00521412 -0.00528568 9.99655e-06 0.0239951 0.030555 0.016697 0.0117005 0.0172678 0.0179047 0.0180638 0.0211231
internal_weight=1922.97 1254.38 668.589 705.18 361.655 549.204 491.614 217.317 144.338 359.017 519.706 458.323 185.474 200.984 57.5896 74.3731 299.993 417.659 111.101 63.2781 46.7557 40.6641 306.934 145.835 45.783 132.597 64.3453 161.098 35.248 147.796
internal_count=9549 6463 3086 3986 1725 2477 2233 918 807 1675 3023 2710 963 850 244 402 1419 2488 561 267 237 222 1361 678 194 558 324 683 148 632
is_linear=0
shrinkage=0.045


Tree=29
num_leaves=31
num_cat=0
split_feature=34 31 4 5 9 31 23 19 20 5 17 21 19 15 5 21 14 15 14 17 21 21 0 21 21 31 0 4 25 19
split_gain=82.9235 36.0257 44.4597 34.8201 23.7175 20.3794 14.5124 12.7535 12.1019 11.5409 11.1702 10.424 9.80064 8.83086 8.14745 7.39524 7.26072 7.13766 7.07877 6.78612 6.23851 5.7118 5.65798 5.26202 8.28222 7.26263 6.76669 4.90571 4.62752 4.77445
threshold=0.70505050505050504 1.0000000180025095e-35 1.0000000180025095e-35 1.0000000180025095e-35 1.0000000180025095e-35 1.0000000180025095e-35 1.0000000180025095e-35 1.5000000000000002 103.12176357431714 1.0000000180025095e-35 0.72363636363636374 1.3172653416666671 1.0000000180025095e-35 20.582222443472226 1.0000000180025095e-35 43.939155400000011 0.59715000000000007 154.77802511111113 0.56905000000000017 0.29670329670329676 14.688885683333334 2.1920424250000003 3940.9150000000004 21.136514650000002 35.821181183333337 1.0000000180025095e-35 7336.1400000000003 1.0000000180025095e-35 3.5000000000000004 2.5000000000000004
decision_type=2 2 2 2 2 2 2 2 2 2 2 2 2 2 2 2 2 2 2 2 2 2 2 2 2 2 2 2 2 2
left_child=1 2 4 5 9 17 10 13 19 15 12 -11 20 -7 -10 -1 18 28 -5 -6 -3 -15 -14 -18 25 -25 -26 -8 29 -2
right_child=3 6 -4 16 8 7 27 -9 14 11 -12 -13 22 21 -16 -17 23 -19 -20 -21 -22 -23 -24 24 26 -27 -28 -29 -30 -31
leaf_value=-0.015022625549282759 -0.0029735666899400313 0.0044898003202418282 -0.033052717600836404 0.02096028970941316 0.026922164472684678 -0.02905105174672673 0.013890834919704944 0.025446353433112055 -0.020384687054837463 0.003707807156713067 0.032545193077106696 -0.029225223165183209 -0.0020362403822312817 0.025989403150378045 0.002364013446747068 0.0060453368873774191 0.036161834261935304 -0.023337172036753551 -0.0086367887533668718 1.9750787664232485e-05 -0.013598033150035624 0.0019580717466152805 0.011312449102022799 -0.018390736461287933 0.032199867026682052 0.023550167981187049 -0.0019206931473726104 0.0428822272137621 -0.019419854566529664 0.024107280429592454
leaf_weight=78.416739717125893 56.242598429322243 50.793681934475899 173.81901688873768 49.821058660745621 52.716697961091995 14.257641479372976 36.684515625238419 86.719633251428604 42.458986565470695 22.712259650230408 18.978842943906784 126.75552961230278 141.35327249765396 24.918612599372864 119.04236452281475 57.911276936531067 96.047211483120918 49.042572110891342 23.460335224866867 29.370426058769226 154.71901239454746 88.975075721740723 116.56980241835117 16.519962996244431 93.358360663056374 14.998174741864206 13.322675079107283 17.67743892967701 23.09564471244812 16.15291965007782
leaf_count=442 318 240 1207 209 220 60 157 376 201 136 80 853 609 105 499 328 436 271 99 125 768 368 497 70 424 72 61 73 132 90
internal_value=0.000203622 -0.00667734 -0.0133715 0.0129877 -0.00685921 0.00345775 0.00210091 0.0122234 0.00345337 -0.0156302 -0.000402505 -0.0242295 -0.00181896 0.00314775 -0.0037053 -0.00609424 0.024078 -0.00956816 0.0114964 0.0174127 -0.00912742 0.00739629 0.00401717 0.0279485 0.0220215 0.00167767 0.0279605 0.0239226 -0.00232807 0.00331486
internal_weight=1906.91 1239.98 703.203 666.932 529.384 359.405 536.777 214.871 243.588 285.796 482.415 149.468 463.436 128.151 161.501 136.328 307.528 144.534 73.2814 82.0871 205.513 113.894 257.923 234.246 138.199 31.5181 106.681 54.362 95.4912 72.3955
internal_count=9526 6435 4011 3091 2804 1720 2424 909 1045 1759 2194 989 2114 533 700 770 1371 811 308 345 1008 473 1106 1063 627 142 485 230 540 408
is_linear=0
shrinkage=0.045


Tree=30
num_leaves=31
num_cat=0
split_feature=15 5 29 19 4 34 20 22 2 34 29 22 20 22 34 19 22 3 13 20 19 26 3 22 20 0 15 19 22 22
split_gain=82.2694 54.4172 46.5069 29.9972 20.2312 14.0677 10.5231 10.2264 12.7325 10.1154 9.51361 10.18 8.59208 8.2495 7.66056 7.39543 7.11325 6.40701 6.1819 7.29551 5.96815 5.79391 6.99215 4.99536 5.83162 4.91076 4.87566 4.85122 7.09905 4.69627
threshold=1.0000000180025095e-35 1.0000000180025095e-35 1.0000000180025095e-35 1.0000000180025095e-35 1.0000000180025095e-35 0.28333333333333338 103.12176357431714 1296.2444441506175 0.73485304536933771 0.57921568627450981 1.0000000180025095e-35 2479.9922125027801 545.0281347455325 898.36480461127042 0.82958333333333345 2.5000000000000004 733.08763428331406 525.05112540250013 4.5000000000000009 580.74923593857068 1.5000000000000002 1.0000000180025095e-35 306.51461247333333 639.54879027652044 226.16248634046877 1690.7050000000002 51.863905972222234 1.5000000000000002 875.681723952011 621.73442264479161
decision_type=2 2 2 2 2 2 2 2 2 2 2 2 2 2 2 2 2 2 2 2 2 2 2 2 2 2 2 2 2 2
left_child=3 2 4 10 27 20 21 8 -8 16 -1 12 13 -12 17 18 -3 -4 29 -20 -5 22 -7 -22 -25 -14 -6 28 -2 -11
right_child=1 9 14 5 26 6 7 -9 -10 15 11 -13 25 -15 -16 -17 -18 -19 19 -21 23 -23 -24 24 -26 -27 -28 -29 -30 -31
leaf_value=-0.025682555838419587 0.0056403877410927316 -0.015078047564209803 -0.0025646942254763387 -0.019802386915235962 -0.0071124618142589559 0.037022440025021794 -0.038557596715914411 0.019607475705355058 -0.0025897778651426894 0.051526533107947962 0.0074305337232170076 0.025580866397880906 -0.039223589764996805 -0.021833353782485427 0.019949441656009106 0.035264461593090893 0.015684551883515349 0.017901509554796871 0.021570019673692518 0.0044622739286403253 0.018348805511358285 -0.0079527749928666198 0.010464838610308334 -0.020706079052945196 0.0031548694572699908 -0.016744694577654595 -0.030773065403930926 0.010627678405960135 -0.023628886110598213 0.023960072964060272
leaf_weight=203.4941132068634 34.000536143779755 25.279346272349358 89.29076312482357 98.863614916801453 21.738219499588013 27.756867617368698 21.821598991751671 33.498579904437065 158.76670169830322 14.335458412766455 51.554913118481636 12.912234872579573 27.378186479210854 30.056424885988235 125.21112185716629 76.21346940100193 35.218221619725227 46.260687753558159 125.81504461169243 84.910588413476944 15.78403104841709 20.059121802449226 70.906175911426544 39.800901651382446 41.722964450716972 75.774949342012405 112.01837286353111 43.313278898596764 31.549355536699295 111.80055339634418
leaf_count=1390 152 104 372 587 146 121 104 153 733 63 245 57 144 146 538 348 144 193 554 365 85 91 312 218 228 387 788 179 140 488
internal_value=-1.63543e-05 0.00909888 -0.00120559 -0.00958974 -0.0153534 -0.00254204 0.00309273 -0.00286989 -0.00712439 0.0200314 -0.0188533 -0.0117293 -0.0144604 -0.00348082 0.0119662 0.0225431 0.00279402 0.00449991 0.0195691 0.0147302 -0.0120687 0.013779 0.0182328 -0.00408995 -0.00860407 -0.0230302 -0.027009 -0.000916969 -0.00859037 0.0274737
internal_weight=1907.11 976.955 503.382 930.151 242.62 528.981 332.809 214.087 180.588 473.573 401.171 197.677 184.764 81.6113 260.763 413.075 60.4976 135.551 336.862 210.726 196.172 118.722 98.663 97.3079 81.5239 103.153 133.757 108.863 65.5499 126.136
internal_count=9575 4574 2508 5001 1405 2632 1514 990 837 2066 2369 979 922 391 1103 1818 248 565 1470 919 1118 524 433 531 446 531 934 471 292 551
is_linear=0
shrinkage=0.045


Tree=31
num_leaves=31
num_cat=0
split_feature=34 29 4 5 20 19 29 20 15 15 21 19 4 14 14 20 4 9 0 34 15 19 25 14 15 20 3 21 33 19
split_gain=81.1518 30.5903 41.6019 24.3215 21.1006 17.1799 13.5701 12.9781 12.9114 11.0982 9.85808 9.35232 8.58225 7.43243 7.23344 7.41101 6.77527 9.01016 6.59904 6.24897 5.86977 6.7275 5.81802 5.23313 5.11702 4.6745 4.46336 4.45021 4.40196 4.1136
threshold=0.70653907496012769 1.0000000180025095e-35 1.0000000180025095e-35 1.0000000180025095e-35 4.7304159880324077 2.5000000000000004 1.0000000180025095e-35 79.753180302181732 130.10176831458335 18.959103569166672 7.4167520083333347 2.5000000000000004 1.0000000180025095e-35 0.60165000000000013 0.54570000000000007 2.7317677592476852 1.0000000180025095e-35 1.0000000180025095e-35 1344.1400000000001 0.90119047619047632 119.77799595402779 1.0000000180025095e-35 1.5000000000000002 0.73425000000000007 138.48992116333338 219.55908469855905 420.52355565583338 18.775525875000003 2.5000000000000004 1.5000000000000002
decision_type=2 2 2 2 2 2 2 2 2 2 2 2 2 2 2 2 2 2 2 2 2 2 2 2 2 2 2 2 2 2
left_child=1 2 4 6 14 7 12 16 11 -8 28 -6 18 -10 15 -1 17 -3 -2 20 21 27 -12 -23 -22 -7 -18 -5 -9 -11
right_child=3 5 -4 19 8 25 9 10 13 29 22 -13 -14 -15 -16 -17 26 -19 -20 -21 24 23 -24 -25 -26 -27 -28 -29 -30 -31
leaf_value=-0.0079095120136905596 -0.009679292387196831 -0.0085961483336376935 -0.032402751449447459 0.017589831598351081 -0.018446865865300976 0.0093616962405266447 -0.022893682786040093 -0.0029484679259103967 -0.0069625505617292235 0.0091650324987466811 -0.015996138072139652 0.0056010438289766876 -0.016757307647916209 0.025038140080922186 0.024739978284225386 0.016759360995424955 0.0085561674557230981 0.024667237335964893 0.017746286027013333 0.038888972160174305 0.04627135316872074 0.0114263512223296 -0.0033292488892480146 0.034437861111318489 0.021835723958456683 0.034671135942718811 0.037342037741519528 -0.012468750661978389 0.019712937785525925 0.022346767498343897
leaf_weight=61.60956509411335 32.019734725356102 48.237627759575844 170.23694880306721 14.139497011899946 288.69872140884399 27.851233094930649 16.452984929084778 31.694291427731514 32.554780513048172 119.43143434822559 143.16302767395973 36.466052457690239 73.223416417837143 25.311167508363724 37.59936235845089 39.700796246528625 20.37536096572876 23.807290017604828 37.623960345983505 38.36450107395649 21.056797131896019 60.874109223484993 151.01107177138329 30.13116742670536 112.84572686254978 33.065880298614502 24.513362422585487 28.280640259385109 36.771858617663383 82.080347925424576
leaf_count=323 142 216 1224 60 1706 116 69 140 138 498 690 180 511 105 158 197 85 102 161 190 94 272 699 140 505 137 101 119 164 361
internal_value=-5.4585e-05 -0.0068934 -0.0131506 0.0125845 -0.00682138 0.00112938 0.00465081 -0.00174719 -0.0122621 0.0116949 -0.00595077 -0.0157411 -0.00610258 0.00722244 0.00816137 0.00182687 0.0112291 0.00258298 0.00517844 0.0219035 0.0193301 0.0124998 -0.00952704 0.0193368 0.0259929 0.0234378 0.0247471 -0.00227525 0.00933111 0.0146181
internal_weight=1899.19 1232.67 692.177 666.524 521.94 540.491 360.832 479.574 383.031 217.965 362.64 325.165 142.867 57.8659 138.91 101.31 116.934 72.0449 69.6437 305.692 267.328 133.425 294.174 91.0053 133.903 60.9171 44.8887 42.4201 68.4662 201.512
internal_count=9603 6481 4031 3122 2807 2450 1742 2197 2129 928 1693 1886 814 243 678 520 504 318 303 1380 1190 591 1389 412 599 253 186 179 304 859
is_linear=0
shrinkage=0.045


Tree=32
num_leaves=31
num_cat=0
split_feature=34 14 5 29 22 4 29 4 0 29 29 20 21 5 6 7 26 23 3 25 25 25 21 3 15 21 22 3 20 34
split_gain=67.5213 28.0322 25.6537 20.8599 16.8645 11.2556 10.9722 14.5501 10.4511 10.3932 9.84593 9.63764 13.6226 8.65901 8.16978 8.87585 22.5795 8.41645 7.79469 7.53545 6.3752 6.72667 6.09624 5.99631 5.92773 5.70898 5.45924 7.69359 5.38604 5.18865
threshold=0.28333333333333338 0.59715000000000007 1.0000000180025095e-35 1.0000000180025095e-35 1296.2444441506175 1.0000000180025095e-35 1.0000000180025095e-35 1.0000000180025095e-35 1477.3900000000001 1.0000000180025095e-35 1.0000000180025095e-35 85.933612917656262 8.6933815416666693 1.0000000180025095e-35 1.0000000180025095e-35 1.0000000180025095e-35 1.0000000180025095e-35 1.0000000180025095e-35 548.74377683180569 4.5000000000000009 3.5000000000000004 1.5000000000000002 26.967642508333338 625.14853689902793 50.139126469444449 1.2689501000000003 708.23641569084509 424.70208417527783 4.6625880818229168 0.54833333333333345
decision_type=2 2 2 2 2 2 2 2 2 2 2 2 2 2 2 2 2 2 2 2 2 2 2 2 2 2 2 2 2 2
left_child=10 4 3 5 6 25 7 19 -6 29 14 23 -13 26 15 17 -17 -1 -10 -2 21 -5 -20 -8 -7 -3 -12 -28 -16 -4
right_child=1 2 9 20 8 24 11 -9 18 -11 13 12 -14 -15 28 16 -18 -19 22 -21 -22 -23 -24 -25 -26 -27 27 -29 -30 -31
leaf_value=-0.032237072120382383 -0.0079619132759529768 0.027839426938819162 -0.0097249617082962939 0.005974194431628374 -0.0063270572910310583 0.0039734669814125842 0.015993922497297489 -0.029658879454127367 0.012140731154022586 0.030865199436720323 0.031181592959854589 0.013067430486283053 -0.0084844679920767028 -0.025819922760923895 0.019005736025625698 0.021035253999536069 -0.037361787976287322 0.00061805198894196998 0.059785340795726873 0.020657950117153937 -0.0031284917053601854 0.025791778740831481 0.01822951105704558 -0.0089598970432660154 -0.02558526268457197 -0.0024391296402519348 -0.024035552637380275 0.020605696970191999 -0.013219018882895738 0.01603960875115135
leaf_weight=171.1419400498271 199.34274998307228 14.45847114920616 16.675876513123512 60.846899092197418 35.534088835120201 16.69682802259922 98.619054570794106 63.606183722615242 55.856904715299606 116.64521104097366 14.462116077542303 76.03441458940506 258.81972029805183 19.41782146692276 13.042211219668387 26.142828553915024 25.568316698074341 17.342134341597557 15.364350184798242 19.581137627363205 38.304878324270248 82.08000522851944 14.926020368933676 23.553023859858513 70.582578673958778 67.749485865235329 14.668507620692255 14.608987599611281 41.086080744862556 181.50713491439819
leaf_count=1244 938 60 69 259 168 112 417 459 256 579 63 333 1203 111 66 132 178 110 69 102 166 355 67 101 509 295 66 64 247 784
internal_value=-0.000135012 0.0039892 0.0109181 0.00253278 -0.00137175 -0.00878936 -0.00393026 -0.0108845 0.0140837 0.0202217 -0.0177113 0.000383202 -0.0035664 -0.00155898 -0.0211604 -0.024709 -0.00799989 -0.0292268 0.0224787 -0.00531978 0.0131113 0.0174552 0.0405451 0.0111495 -0.0199496 0.00315674 0.00954783 -0.00181545 -0.00525056 0.0138337
internal_weight=1884.27 1526.79 665.547 350.719 861.238 169.487 739.556 282.53 121.681 314.828 357.481 457.026 334.854 63.1574 294.324 240.195 51.7111 188.484 86.1473 218.924 181.232 142.927 30.2904 122.172 87.2794 82.208 43.7396 29.2775 54.1283 198.183
internal_count=9582 7301 3188 1756 4113 976 3553 1499 560 1432 2281 2054 1536 304 1977 1664 310 1354 392 1040 780 614 136 518 621 355 193 130 313 853
is_linear=0
shrinkage=0.045


Tree=33
num_leaves=31
num_cat=0
split_feature=34 14 29 4 23 19 19 0 13 0 15 19 21 32 26 0 25 20 20 21 21 20 19 34 20 14 27 21 0 32
split_gain=71.4539 31.1387 21.0049 24.4791 16.9546 16.4686 10.0524 8.44536 9.31029 7.61363 7.21315 7.18336 7.78818 7.94829 6.62453 9.35037 6.48337 8.52405 8.25799 6.36721 12.2297 6.06362 5.55906 5.36097 5.29444 4.93834 4.57214 4.40441 3.87884 3.76911
threshold=0.28333333333333338 0.59715000000000007 1.0000000180025095e-35 1.0000000180025095e-35 1.0000000180025095e-35 1.0000000180025095e-35 1.5000000000000002 11847.795000000002 3.5000000000000004 1154.8950000000002 50.139126469444449 1.5000000000000002 71.334059100000019 0.47571900047147581 1.0000000180025095e-35 4623.1800000000012 4.5000000000000009 545.0281347455325 110.13957020651043 42.11851020000001 10.295449491666668 4.6625880818229168 1.0000000180025095e-35 0.73181818181818181 1241.1745967748093 0.70085000000000008 1.0000000180025095e-35 13.765176883333336 1873.8900000000001 0.94210526315789489
decision_type=2 2 2 2 2 2 2 2 2 2 2 2 2 2 2 2 2 2 2 2 2 2 2 2 2 2 2 2 2 2
left_child=6 4 3 19 5 7 21 8 -2 -6 -5 12 13 -4 15 29 18 -18 -7 20 -3 26 -21 -13 -23 -14 -1 -28 -12 -8
right_child=1 2 11 10 9 16 14 -9 -10 -11 28 23 25 -15 -16 -17 17 -19 -20 22 -22 24 -24 -25 -26 -27 27 -29 -30 -31
leaf_value=0.014625613214434792 -0.0082875051885267469 0.016817060056115739 -0.013416790417900509 0.0082099644248824349 -0.0058865880307985823 0.0083680151203390073 -0.012967467837895029 0.011998033053179192 -0.025522407632411152 0.022897017241116108 -0.0082251834865375521 0.0036556064030279778 -0.023334458198673622 0.021970775958833681 -0.030523490744310825 -0.028772817181676159 -0.0023346164973889233 0.039514692410347017 -0.0047541436573279323 0.0034371241060147132 -0.0070551030242945682 -0.029047976659336977 0.025559689263865273 0.03247477214797935 -0.0063094734989642444 0.011635265171906427 0.0059039004610594477 -0.029422106067578932 -0.031451642709583602 0.013556040635729211
leaf_weight=12.414939373731611 197.81822447478771 86.950865685939789 13.540970042347906 17.635433226823807 24.19998474419117 151.71672420203686 13.035773605108259 27.192706182599068 93.63817586004734 74.762334585189819 22.906338781118393 15.25669042766094 15.407413899898531 134.2025571167469 17.298127979040146 17.27369649708271 19.035113602876663 19.206239357590675 265.74196829646826 33.261004477739334 85.073978379368782 184.26318804174662 76.169047206640244 103.21720366179943 24.072556339204311 15.417915001511572 10.65964411199093 19.034262552857399 43.792886391282082 48.494516924023628
leaf_count=68 1054 375 59 118 116 685 69 133 454 339 168 70 66 595 103 98 89 89 1227 145 367 1294 329 505 166 69 61 122 322 268
internal_value=-0.000158992 0.00400743 0.0113537 0.00411556 -0.00157493 -0.00382198 -0.018586 -0.0116529 -0.013893 0.0158699 -0.0170206 0.0202234 0.0143877 0.018659 -0.00613135 -0.000461687 0.00166734 0.019155 2.34341e-05 0.0104866 0.00503866 -0.0233217 0.0189276 0.0288252 -0.0264633 -0.00602763 -0.0075254 -0.0169614 -0.0237144 0.00781927
internal_weight=1882.69 1536.14 662.832 365.79 873.311 774.349 346.547 318.649 291.456 98.9623 84.3347 297.043 178.569 147.744 96.1021 78.804 455.7 38.2414 417.459 281.455 172.025 250.445 109.43 118.474 208.336 30.8253 42.1088 29.6939 66.6992 61.5303
internal_count=9623 7374 3188 1824 4186 3731 2249 1641 1508 455 608 1364 789 654 538 435 2090 178 1912 1216 742 1711 474 575 1460 135 251 183 490 337
is_linear=0
shrinkage=0.045


Tree=34
num_leaves=31
num_cat=0
split_feature=34 29 4 19 21 19 19 9 5 26 7 7 20 2 32 5 25 15 29 0 5 3 20 20 21 15 21 20 21 0
split_gain=53.0238 33.1944 47.135 13.6433 14.1674 13.1107 11.1264 9.36866 9.62682 17.2732 16.1245 12.4849 9.05403 13.9542 8.27974 8.16157 7.83832 8.10509 7.03495 8.10799 6.82781 6.66406 6.44861 8.46549 5.71435 5.61129 5.17638 7.54008 4.55298 3.96921
threshold=0.37500000000000006 1.0000000180025095e-35 1.0000000180025095e-35 1.5000000000000002 2.1920424250000003 1.0000000180025095e-35 1.0000000180025095e-35 1.0000000180025095e-35 1.0000000180025095e-35 1.0000000180025095e-35 1.0000000180025095e-35 1.0000000180025095e-35 85.933612917656262 0.58440001768923644 0.65806129247168565 1.0000000180025095e-35 3.5000000000000004 21.236755341250003 1.0000000180025095e-35 5806.4950000000008 1.0000000180025095e-35 342.09438017111114 1235.2678111568869 160.1265273204167 16.33745406666667 29.74169333041667 46.119064983333338 969.09858177170156 5.9162555416666676 6083.5300000000016
decision_type=2 2 2 2 2 2 2 2 2 2 2 2 2 2 2 2 2 2 2 2 2 2 2 2 2 2 2 2 2 2
left_child=5 2 6 4 -3 15 16 8 9 10 -7 -11 -6 -14 -10 18 17 -2 -1 21 26 -20 23 -8 -16 -22 27 -5 -17 -4
right_child=1 3 29 20 12 7 22 -9 14 11 -12 -13 13 -15 24 28 -18 -19 19 -21 25 -23 -24 -25 -26 -27 -28 -29 -30 -31
leaf_value=-0.019459030219451653 -0.035812583005847498 0.02609414704393781 -0.029797607833771941 0.015375117317944626 0.015791928452958359 -0.0014367829904422466 0.015657536221661411 0.02434465094443377 -0.04209312948659949 0.0039513572520293166 0.031110094191776214 -0.040161184813135742 -0.035423985409823069 0.002418896138925309 0.0027723323082806395 -0.0024130634644771594 0.017440141875917265 -0.0050462835365354649 0.02848814843798763 -0.023551799863742451 0.010832200460854972 -0.0034882250304669638 0.031727073643602076 0.00014875894763610362 -0.018331870915912096 0.038979560880197633 0.027813300570799244 -0.017135996082971824 -0.030477374227056826 -0.0099506428038511775
leaf_weight=99.902408592402935 20.523648574948311 68.114748626947403 104.88155798614025 72.328315049409866 86.924824967980385 148.373728916049 134.3193845897913 19.902210667729378 20.225179329514503 20.726249739527702 37.881064921617508 33.086276337504387 20.842880561947823 203.25022038817406 38.670376032590866 13.479014344513415 22.921269938349724 91.612753316760063 19.132240414619446 22.978308752179146 19.954754561185837 37.784895226359367 23.277174055576324 150.6267845928669 76.725517138838768 60.619457319378853 44.793978825211525 17.108238637447357 98.08161835372448 26.912003830075264
leaf_count=731 105 301 777 317 375 770 578 87 116 109 162 187 89 880 210 90 99 392 93 112 88 183 100 645 450 314 193 72 707 198
internal_value=-0.000453643 0.00537586 -0.00232985 0.0128282 0.00766125 -0.0103674 0.00470556 -0.00501165 -0.00662731 -0.00119519 0.00531349 -0.0234088 0.00355364 -0.00124261 -0.0161638 -0.017597 -0.00603404 -0.010944 -0.0115596 -0.00156365 0.0218702 0.00756667 0.00941574 0.00748856 -0.0112966 0.0322269 0.0154611 0.00903538 -0.0271381 -0.0258503
internal_weight=1855.96 1169.01 575.075 593.937 379.133 686.949 443.281 395.591 375.688 240.067 186.255 53.8125 311.018 224.093 135.621 291.358 135.058 112.136 179.798 79.8954 214.805 56.9171 308.223 284.946 115.396 80.5742 134.231 89.4366 111.561 131.794
internal_count=9530 5523 2894 2629 1645 4007 1919 2091 2004 1228 932 296 1344 969 776 1916 596 497 1119 388 984 276 1323 1223 660 402 582 389 797 975
is_linear=0
shrinkage=0.045


Tree=35
num_leaves=31
num_cat=0
split_feature=15 5 29 29 22 26 20 14 19 34 21 0 21 14 13 15 22 3 21 15 15 0 15 34 5 0 22 4 21 33
split_gain=62.274 33.4576 34.5501 23.1721 17.1781 11.7329 11.1112 10.5182 10.4833 9.95397 9.15161 11.018 8.56674 8.50717 8.47919 7.49273 7.41437 7.01364 6.15304 5.85046 6.93007 5.72883 5.70143 5.61277 5.48322 5.03241 6.32823 4.62336 4.51295 4.83817
threshold=1.0000000180025095e-35 1.0000000180025095e-35 1.0000000180025095e-35 1.0000000180025095e-35 3520.1202160099497 1.0000000180025095e-35 890.27008414211821 0.60925000000000007 1.0000000180025095e-35 0.53452380952380962 2.9179069750000006 3536.3950000000004 42.11851020000001 0.67240000000000011 6.5000000000000009 105.5180052738889 1262.599491344545 642.79342381625008 3.875664841666667 37.973498080833345 121.65973630458335 1477.3900000000001 36.562691655138899 0.90119047619047632 1.0000000180025095e-35 2107.2050000000004 705.72352958331351 1.0000000180025095e-35 72.103496450000009 1.5000000000000002
decision_type=2 2 2 2 2 2 2 2 2 2 2 2 2 2 2 2 2 2 2 2 2 2 2 2 2 2 2 2 2 2
left_child=3 2 7 5 10 8 13 -2 28 12 25 -12 -3 14 -4 -8 18 -13 -10 -11 23 -22 -9 -21 -7 -5 -27 -24 29 -1
right_child=1 9 6 4 -6 24 15 22 16 19 11 17 -14 -15 -16 -17 -18 -19 -20 20 21 -23 27 -25 -26 26 -28 -29 -30 -31
leaf_value=-0.0030254268920023412 -0.025492105451806944 -0.022365257583805129 0.01472553411049239 0.026350818790738067 0.026140480387695366 -0.038628634260780136 0.013095695509341802 0.020452817748773274 0.0055131273680017476 0.034951969704620417 -0.014872713485092169 0.0054115205418942096 0.017611324164243224 0.025968364562589417 -0.013420663726108898 -0.019666926809181886 0.011037820606967083 -0.019617349135871289 -0.014565631414377063 0.0066312846229746297 0.032437033701371791 0.016825119174504476 0.00060862334407054438 0.035884283381802676 -0.012261938388288859 -0.018616017641457528 0.014398822664445629 -0.016385586569080887 -0.037227620433184901 -0.02232249475086261
leaf_weight=36.46166780591011 83.227520860731602 22.426171913743019 82.630830630660057 24.963035613298416 41.212485775351524 56.828343391418457 22.921510308980942 14.505104035139082 40.074573345482349 42.131096184253693 176.14859366416931 137.39162428677082 19.260610789060593 92.991799846291542 28.383637607097626 33.779808729887009 42.76524580270052 26.117587104439735 127.76789731532335 134.83574175834656 74.420261859893799 144.06693966686726 60.705836728215218 13.852342471480368 23.777930833399296 18.157140791416168 29.45168724656105 68.397645652294159 27.677529938519001 96.849374398589134
leaf_count=266 519 93 344 107 173 395 96 81 221 189 844 643 79 418 119 141 228 122 756 597 332 652 255 73 152 78 127 515 204 710
internal_value=1.17935e-05 0.00813056 -4.57449e-05 -0.00840153 -0.00120655 -0.0155976 0.0111087 -0.0128583 -0.0121613 0.0169501 -0.0039972 -0.00709729 -0.00391494 0.0159896 0.00747368 -0.00642521 -0.0055105 0.00131867 -0.00976731 0.0190795 0.0171682 0.0222663 -0.00541076 0.00957812 -0.0310963 0.0104114 0.00168362 -0.00845147 -0.0207742 -0.0171064
internal_weight=1844.18 938.537 487.544 905.645 453.442 452.203 260.708 226.836 371.596 450.993 412.23 339.658 41.6868 204.006 111.014 56.7013 210.608 163.509 167.842 409.306 367.175 218.487 143.609 148.688 80.6063 72.5719 47.6088 129.103 160.989 133.311
internal_count=9529 4503 2488 5026 2094 2932 1118 1370 2385 2015 1921 1609 172 881 463 237 1205 765 977 1843 1654 984 851 670 547 312 205 770 1180 976
is_linear=0
shrinkage=0.045


Tree=36
num_leaves=31
num_cat=0
split_feature=34 5 19 29 4 20 29 15 9 15 6 25 5 9 20 15 29 22 17 27 26 29 25 20 3 13 2 19 22 0
split_gain=48.596 28.0247 23.5726 18.793 20.994 17.1669 16.6326 13.382 11.0844 10.758 9.53878 8.83394 7.72497 20.9372 7.01451 6.81838 6.79192 6.76666 5.93474 6.42723 4.8652 4.83877 5.13787 4.8042 4.96458 4.50863 4.09281 3.9478 3.42974 3.3646
threshold=0.61785714285714299 1.0000000180025095e-35 2.5000000000000004 1.0000000180025095e-35 1.0000000180025095e-35 147.28503296591438 1.0000000180025095e-35 1.0000000180025095e-35 1.0000000180025095e-35 1.0000000180025095e-35 1.0000000180025095e-35 3.5000000000000004 1.0000000180025095e-35 1.0000000180025095e-35 911.58525370966447 105.5180052738889 1.0000000180025095e-35 1245.6115072455002 0.83045977011494265 1.0000000180025095e-35 1.0000000180025095e-35 1.0000000180025095e-35 1.0000000180025095e-35 4.9524261710358806 640.73013049833344 6.5000000000000009 0.94080277503743448 1.5000000000000002 1085.9224209723805 4116.7850000000008
decision_type=2 2 2 2 2 2 2 2 2 2 2 2 2 2 2 2 2 2 2 2 2 2 2 2 2 2 2 2 2 2
left_child=2 6 3 4 5 8 10 -8 -1 -3 -2 12 20 -14 25 -16 18 -7 -11 -20 -5 22 -4 -18 -25 -9 -12 -28 -13 -24
right_child=1 9 21 11 -6 17 7 14 -10 16 26 28 13 -15 15 -17 23 -19 19 -21 -22 -23 29 24 -26 -27 27 -29 -30 -31
leaf_value=-0.0062982260056882238 -0.018345587586886026 -0.011445780278866701 0.027984600706567067 0.0033397560579813395 -0.032213535277609312 -0.02014205814517489 -0.026791740525866366 0.020088860545269718 0.022785146426963238 0.02810347128098576 0.018387213620918306 0.0072881795088879974 -0.022374304561980293 0.021689337254027847 0.015030676768329275 -0.018555449220373246 0.037109730329776554 -0.0001175169517128432 0.02985363491661111 0.0056974751791707559 -0.013389421241413891 0.021940462026619197 0.0032786899706967513 0.015548145945584619 0.043175788074745619 0.0050790105227569186 -0.012175218966986159 0.0095166796310944737 0.032381959369201282 -0.023785844215682236
leaf_weight=69.611310251057148 106.89225746691227 24.773502096533775 13.783262990415095 187.77940785884857 112.56432266533375 196.80870099365711 19.538369342684746 122.47273577749729 41.580223053693771 43.683699578046799 20.973303347826004 40.313382416963577 105.4717531055212 26.615793213248253 20.585532307624817 27.350499913096428 52.665901571512222 41.322799012064934 25.619101956486702 142.71549627184868 42.27214141190052 51.869850620627403 51.834191180765629 88.153919339179993 15.172200530767439 61.586926013231277 43.051596716046333 26.73818701505661 14.658254131674765 10.293578453361986
leaf_count=424 789 108 70 823 881 1245 83 530 175 186 90 177 592 112 86 114 271 239 111 620 186 215 270 428 74 271 189 109 63 62
internal_value=0.000151991 0.00812478 -0.00651713 -0.00914333 -0.0153862 -0.00988738 0.000441492 0.00810361 0.00468369 0.016888 -0.00930094 -0.00221001 -0.00477 -0.0133992 0.0111448 -0.00411989 0.0188212 -0.0166822 0.0134695 0.00952843 0.000221112 0.0114791 0.00413859 0.0259628 0.0199799 0.0151211 0.00143484 -0.00384748 0.0144385 -0.00151123
internal_weight=1848.75 841.973 1006.78 878.998 461.887 349.323 449.189 251.534 111.192 392.784 197.655 417.111 362.139 132.088 231.996 47.936 368.01 238.132 212.018 168.335 230.052 127.781 75.911 155.992 103.326 184.06 90.7631 69.7898 54.9716 62.1278
internal_count=9593 4059 5534 4917 2964 2083 2261 1084 599 1798 1177 1953 1713 704 1001 200 1690 1484 917 731 1009 617 402 773 502 801 388 298 240 332
is_linear=0
shrinkage=0.045


Tree=37
num_leaves=31
num_cat=0
split_feature=34 29 4 20 5 4 9 22 25 13 29 3 15 34 15 14 20 19 19 19 0 13 14 6 33 3 2 3 19 15
split_gain=49.9969 21.4846 37.8214 15.1319 13.3012 9.91777 17.649 10.2465 10.088 8.96521 8.78713 8.72847 7.78536 7.68115 7.62007 8.79829 7.4503 6.8378 6.66849 6.418 6.39401 5.78388 6.01208 5.69129 5.63945 6.25611 5.17992 5.16414 5.13204 6.85339
threshold=0.70505050505050504 1.0000000180025095e-35 1.0000000180025095e-35 4.7304159880324077 1.0000000180025095e-35 1.0000000180025095e-35 1.0000000180025095e-35 3463.1240503938211 1.5000000000000002 4.5000000000000009 1.0000000180025095e-35 606.36363136208354 1.0000000180025095e-35 0.90119047619047632 130.10176831458335 0.60165000000000013 1241.1745967748093 2.5000000000000004 1.0000000180025095e-35 1.5000000000000002 2388.7000000000003 7.5000000000000009 0.72080000000000011 1.0000000180025095e-35 2.5000000000000004 588.23198177875008 0.6634880702142375 500.16783095444453 1.0000000180025095e-35 116.91697843555556
decision_type=2 2 2 2 2 2 2 2 2 2 2 2 2 2 2 2 2 2 2 2 2 2 2 2 2 2 2 2 2 2
left_child=1 2 3 24 10 6 7 20 -7 23 16 18 -12 28 17 -16 21 -5 -10 -14 -3 -2 -23 -8 25 -1 -4 -21 29 -6
right_child=4 5 26 14 13 8 9 -9 11 -11 12 -13 19 -15 15 -17 -18 -19 -20 27 -22 22 -24 -25 -26 -27 -28 -29 -30 -31
leaf_value=0.0092771713088273342 -0.012235589860674675 -0.0038467406693464949 -0.0061799567731634381 -0.014442418907293071 -0.0087479591656221458 -0.00035164995215972264 0.033408173985344916 0.017673776517539149 0.010687901766323393 -0.0033160589453251265 -0.018469456767197894 -0.0061596364802303629 0.0062844792562667829 0.03647776352901836 -0.0098405834752887909 0.024680301675928402 0.029061084977597483 0.0061751630126836458 0.038188330975654876 0.013280144351099825 -0.019055383176348303 -0.012445898325650186 0.028640186523118241 0.0012584587137410238 -0.00075494299807219735 0.040448628967334338 -0.032715305925322881 0.03710548286221331 0.01904412074510237 0.018066921607739688
leaf_weight=53.487551137804985 99.29377518594265 106.19009809195995 17.314071029424667 268.80530778318644 36.979213237762451 93.393761336803436 41.684773251414299 25.559551253914833 30.944925531744957 36.896678939461708 16.358308330178261 19.549045518040657 116.7724984139204 38.351240411400795 32.542664140462875 26.059437558054924 11.622319422662256 36.481164693832397 44.831965312361717 48.326982975006104 118.88104240596294 12.076450154185297 15.416634902358053 15.201520457863806 71.26955022662878 16.658575311303139 135.48553242534399 30.799430310726166 178.37530642747879 38.38571797311306
leaf_count=263 594 524 135 1671 158 408 180 108 138 159 69 84 493 205 139 109 71 182 184 218 600 70 88 63 357 81 1066 142 843 164
internal_value=0.000663337 -0.00479371 -0.0102269 -0.00427063 0.0107687 0.00191963 -0.00262457 -0.00885148 0.0101829 0.0139344 0.00483878 0.0204005 0.0105719 0.0178471 -0.00911904 0.00566684 -0.00396608 -0.0119665 0.0272435 0.0130785 -0.0119286 -0.00719735 0.0107895 0.0249871 0.00818166 0.0171444 -0.0297683 0.0229013 0.014899 0.00496744
internal_weight=1834 1191.24 658.104 505.304 642.758 533.133 344.414 250.631 188.72 93.783 350.666 95.3259 212.257 292.091 363.889 58.6021 138.409 305.286 75.7769 195.899 225.071 126.787 27.4931 56.8863 141.416 70.1461 152.8 79.1264 253.74 75.3649
internal_count=9566 6451 4003 2802 3115 2448 1634 1232 814 402 1745 406 922 1370 2101 248 823 1853 322 853 1124 752 158 243 701 344 1201 360 1165 322
is_linear=0
shrinkage=0.045


Tree=38
num_leaves=31
num_cat=0
split_feature=34 29 4 15 19 15 4 29 0 19 20 23 32 4 33 9 14 14 3 13 34 20 20 15 34 33 14 34 21 3
split_gain=41.7457 20.9756 31.1828 12.7366 13.5057 11.9387 9.64334 9.55728 8.6925 8.60544 8.38189 7.92814 7.67012 7.59367 7.4102 7.05699 6.73885 6.04197 8.43102 5.68075 5.6186 5.18264 4.76068 4.43691 4.40402 5.1242 5.74484 5.42217 4.21855 5.22282
threshold=0.70505050505050504 1.0000000180025095e-35 1.0000000180025095e-35 181.7861503566667 2.5000000000000004 133.75934858263892 1.0000000180025095e-35 1.0000000180025095e-35 1532.7600000000004 1.0000000180025095e-35 4.7304159880324077 1.0000000180025095e-35 0.94210526315789489 1.0000000180025095e-35 2.5000000000000004 1.0000000180025095e-35 0.60925000000000007 0.59715000000000007 432.89418973236121 4.5000000000000009 0.5988095238095239 219.55908469855905 828.87418810659153 181.07709989250003 0.73181818181818181 3.5000000000000004 0.72705000000000009 0.77178030303030309 1.2375439166666669 550.77605346555561
decision_type=2 2 2 2 2 2 2 2 2 2 2 2 2 2 2 2 2 2 2 2 2 2 2 2 2 2 2 2 2 2
left_child=1 2 5 4 13 10 9 23 16 17 14 -12 -9 15 -1 -3 -7 -2 -19 -10 -15 -6 -20 -8 -11 26 -26 -27 -14 -30
right_child=6 3 -4 -5 21 8 7 12 19 24 11 -13 28 20 -16 -17 -18 18 22 -21 -22 -23 -24 -25 25 27 -28 -29 29 -31
leaf_value=0.01336633019255002 -0.011881191535460708 -0.011371749180806665 -0.028435861101755257 0.031328869014131219 0.0052935032098894476 0.0093422136425716767 -0.0068153255701105626 -0.020604098555586325 0.013198956175288535 0.040116208971639089 -0.0148069991376904 0.008476889684457773 0.028343023813007674 0.0081422116384669355 -0.0091857519975411077 0.0052058293161216769 0.048140106852904992 0.022633016460578536 0.0054680874132634564 -0.016034133693134688 -0.015843281042321477 0.031937331620237569 -0.025010750106132223 -0.035739800387551098 0.012881511659629563 -0.017352574810734867 0.028170267221126755 0.011839892591991249 0.00058030133611287438 0.021705847739828553
leaf_weight=56.910222895443439 37.224106982350349 213.32388351857662 151.32202049344778 26.386997938156128 27.862983524799347 22.134275212883949 55.933601908385754 16.2702606767416 24.504776448011398 15.407682865858076 272.12096130102873 32.564756937325001 23.288141518831253 140.84867456555367 59.177408754825592 68.000713154673576 15.122475832700728 46.639904394745827 31.73425430059433 27.533277526497841 22.035027280449867 31.672189384698868 14.236584916710852 12.518700443208216 123.82681600749493 15.785937920212744 86.232693791389465 55.008916541934013 73.136416956782341 34.098465204238892
leaf_count=286 157 1071 1213 113 117 95 418 71 103 70 1688 174 104 615 308 290 64 208 140 116 94 132 62 98 569 71 422 262 317 148
internal_value=-0.000244531 -0.00522598 -0.0105653 0.00144264 -0.000181817 -0.00521831 0.009004 0.00123123 0.00965053 0.0129184 -0.00838911 -0.0122988 0.00769605 -0.00289307 0.0018898 -0.00736043 0.0259369 0.00322546 0.0093595 -0.00227893 0.00482056 0.0197612 -0.00430234 -0.0125435 0.0171411 0.0157428 0.0192615 0.00517948 0.0113536 0.00743627
internal_weight=1832.86 1191.52 661.39 530.13 503.743 510.068 641.342 215.246 89.2948 426.097 420.773 304.686 146.793 444.208 116.088 281.325 37.2568 129.835 92.6107 52.0381 162.884 59.5352 45.9708 68.4523 296.262 280.854 210.06 70.7949 130.523 107.235
internal_count=9596 6479 4047 2432 2319 2834 3117 1156 378 1961 2456 1862 640 2070 594 1361 159 567 410 219 709 249 202 516 1394 1324 991 333 569 465
is_linear=0
shrinkage=0.045


Tree=39
num_leaves=31
num_cat=0
split_feature=34 19 5 9 31 4 21 22 13 31 5 26 4 20 31 0 34 23 5 22 26 4 34 22 21 6 19 14 22 33
split_gain=43.8167 24.2016 17.2056 22.4149 17.1809 13.3096 9.76269 11.4944 9.45974 10.3222 8.7296 10.2954 21.4702 13.0623 11.1537 8.21751 7.85377 6.94643 6.07967 5.80301 5.79671 11.2586 5.65282 5.28873 5.61155 5.1621 4.80196 4.7647 4.67162 4.6003
threshold=0.28333333333333338 1.0000000180025095e-35 1.0000000180025095e-35 1.0000000180025095e-35 1.0000000180025095e-35 1.0000000180025095e-35 2.5638064166666674 2479.9922125027801 1.5000000000000002 1.0000000180025095e-35 1.0000000180025095e-35 1.0000000180025095e-35 1.0000000180025095e-35 147.28503296591438 1.0000000180025095e-35 1312.3100000000002 0.88257575757575768 1.0000000180025095e-35 1.0000000180025095e-35 1266.7255078897481 1.0000000180025095e-35 1.0000000180025095e-35 0.8026397515527951 986.1666424823743 25.950145058333337 1.0000000180025095e-35 3.5000000000000004 0.65675000000000006 612.28109055182097 1.5000000000000002
decision_type=2 2 2 2 2 2 2 2 2 2 2 2 2 2 2 2 2 2 2 2 2 2 2 2 2 2 2 2 2 2
left_child=10 6 4 23 5 15 22 16 -5 -10 11 12 13 -1 -14 -3 19 29 -18 -8 26 -22 -2 -4 -25 -15 -6 -9 -7 -12
right_child=1 2 3 8 20 28 7 27 9 -11 17 -13 14 25 -16 -17 18 -19 -20 -21 21 -23 -24 24 -26 -27 -28 -29 -30 -31
leaf_value=0.037816431781361265 0.0026149031679697557 -0.010597334711665579 -0.015111444535381421 0.043587086812200894 0.0091467295241278966 0.008778079017832667 -0.0099416316194430605 0.026941882970450363 0.010586401150006244 0.027585784878261497 -0.012971060340657542 -0.028863866405920285 -0.030284597395911755 0.018074766204052149 0.0064671157744563817 0.01334803253390782 -0.0053936022718483094 0.0058261657695927631 0.030725459111410953 -0.031607610148903786 -0.023198836239449461 0.019823628778942448 0.030193676004395553 0.028039934844266277 -0.0096008003987407969 -0.010264632247235639 0.031337720714357954 -0.0053708812031565993 -0.022872180579294292 -0.034041779396571048
leaf_weight=25.956288307905197 57.346352353692055 52.085163727402687 54.620069891214371 28.12272946536541 251.23677748441696 9.9881121516227704 346.39093789458275 25.296675659716129 209.40103521943092 111.43734338879585 30.839031212031841 42.583361491560936 59.950810447335243 18.992440342903137 22.618358850479126 63.076501101255417 21.754165172576904 13.216995060443876 15.341715320944784 26.307097934186459 29.237009793519974 19.834219664335251 19.514124304056168 13.982767611742021 16.464691057801247 36.299637541174889 20.709290891885757 13.80160368978977 92.096084803342819 78.928245343267918
leaf_count=126 273 235 286 119 1070 76 1793 119 913 587 231 300 502 101 100 281 97 80 69 136 123 85 91 66 80 221 91 64 708 587
internal_value=-0.000312528 0.00295712 0.00716051 0.0138161 0.00177814 -0.00797322 -0.00481519 -0.00735372 0.0188548 0.0165582 -0.0151468 -0.00941766 -0.00421828 0.0121325 -0.0202602 0.00252006 -0.00958477 -0.0246084 0.00995855 -0.0115514 0.00838156 -0.00576087 0.00991475 -0.00683253 0.00802738 -0.000382085 0.0109452 0.0156861 -0.0197203 -0.0282925
internal_weight=1827.43 1498.04 972.292 434.029 538.263 217.246 525.753 448.892 348.961 320.838 329.385 206.401 163.818 81.2484 82.5692 115.162 409.794 122.984 37.0959 372.698 321.017 49.0712 76.8605 85.0675 30.4475 55.2921 271.946 39.0983 102.084 109.767
internal_count=9610 7362 4720 2051 2669 1300 2642 2278 1619 1500 2248 1350 1050 448 602 516 2095 898 166 1929 1369 208 364 432 146 322 1161 183 784 818
is_linear=0
shrinkage=0.045


Tree=40
num_leaves=31
num_cat=0
split_feature=34 19 5 29 9 21 6 22 21 19 22 13 14 34 29 7 26 6 26 7 1 22 22 3 3 22 21 5 6 1
split_gain=40.3029 17.7704 14.4487 23.9963 21.5843 12.9413 10.9146 9.27332 8.88094 8.84552 7.40467 7.23234 7.03215 6.76854 6.41123 6.21597 19.3307 6.92896 6.12223 21.1578 5.94564 5.84048 5.61896 6.07072 5.58692 5.25367 4.648 4.178 4.01951 3.65121
threshold=0.28333333333333338 1.0000000180025095e-35 1.0000000180025095e-35 1.0000000180025095e-35 1.0000000180025095e-35 2.5638064166666674 1.0000000180025095e-35 1310.629131461691 72.103496450000009 1.5000000000000002 1266.7255078897481 1.5000000000000002 0.6261500000000001 0.71135265700483097 1.0000000180025095e-35 1.0000000180025095e-35 1.0000000180025095e-35 1.0000000180025095e-35 1.0000000180025095e-35 1.0000000180025095e-35 6.481492863166511 724.36856493871971 888.19766824079045 306.51461247333333 272.04764874541672 964.2369424611951 43.939155400000011 1.0000000180025095e-35 1.0000000180025095e-35 7.9661148530939521
decision_type=2 2 2 2 2 2 2 2 2 2 2 2 2 2 2 2 2 2 2 2 2 2 2 2 2 2 2 2 2 2
left_child=9 5 3 6 22 28 24 10 -8 14 12 -6 -7 -13 15 17 -17 29 20 -20 -5 -11 23 -4 -3 -23 -19 -16 -2 -1
right_child=1 2 4 18 11 7 8 -9 -10 21 -12 13 -14 -15 27 16 -18 26 19 -21 -22 25 -24 -25 -26 -27 -28 -29 -30 -31
leaf_value=-0.036641491119119518 0.018751710447025262 0.0015168219786931599 0.0086266285190196197 0.03729321318284258 0.04003358921282052 -0.010095337753223887 -0.003451216560803333 0.014189329049991298 0.033652840363875218 0.01157410347334433 -0.030393541604508245 0.0081367741065720943 0.0037595890915002785 0.021843757856337156 0.0070288036159677379 0.027052353105669034 -0.040576507212305914 -0.021342121874104319 0.018684195837288507 -0.041567926726801777 0.011139282680330081 -0.025385001980039762 0.0042994723550783143 -0.029492067319951416 -0.02251062610929417 0.0021310446500405465 0.010441906088347854 -0.023501373697624447 -0.0085212832130507413 -0.019481975632166727
leaf_weight=76.949878580868244 63.334908328950405 24.290102414786816 11.341318279504774 18.185734897851944 28.994123041629791 266.37782224267721 81.098081156611443 41.427710600197315 14.540986627340315 37.885055363178253 26.79307834059 119.86660228669643 102.05799944698811 192.65408937633038 29.300997018814087 17.857628628611565 14.681373588740824 20.991192236542702 30.040846914052963 18.054695919156075 254.9832651168108 26.064349018037319 45.106460824608803 28.425161853432655 97.865116536617279 28.927714429795742 15.352335467934607 11.968773007392882 12.575188130140303 43.377037912607193
leaf_count=656 305 176 60 77 123 1415 350 194 63 215 139 511 482 958 134 99 121 134 129 75 1091 155 221 149 723 166 98 80 57 378
internal_value=0.000768066 0.00391804 0.00751065 0.00260598 0.0136907 -0.00285028 -0.00890103 -0.00583682 0.00247995 -0.0135977 -0.00796647 0.0187273 -0.00625769 0.0166292 -0.0183053 -0.0217944 -0.00376136 -0.025492 0.0104103 -0.00431996 0.0130101 -0.00184488 -0.0065575 -0.0186758 -0.0177593 -0.0111311 -0.00799574 -0.00217186 0.0141816 -0.0306672
internal_weight=1801.37 1478.01 965.447 539.059 426.388 512.567 217.794 436.657 95.6391 323.356 395.229 341.515 368.436 312.521 230.479 189.209 32.539 156.67 321.265 48.0955 273.169 92.8771 84.8729 39.7665 122.155 54.9921 36.3435 41.2698 75.9101 120.327
internal_count=9534 7298 4706 2684 2022 2592 1312 2230 413 2236 2036 1592 1897 1469 1700 1486 220 1266 1372 204 1168 536 430 209 899 321 232 214 362 1034
is_linear=0
shrinkage=0.045


Tree=41
num_leaves=31
num_cat=0
split_feature=14 19 5 29 4 22 34 14 32 21 13 9 4 21 29 21 21 15 21 0 26 22 25 9 29 4 0 17 20 13
split_gain=44.599 25.5225 11.3969 10.7311 13.7918 8.90719 7.24424 9.09526 6.97465 8.23292 6.45617 7.0061 7.22243 6.0328 5.91889 4.71197 5.36532 4.77129 5.34054 4.71813 4.69026 6.56349 4.67459 4.64626 4.45705 8.53848 5.11356 5.10232 4.81243 4.53256
threshold=0.59715000000000007 1.0000000180025095e-35 1.0000000180025095e-35 1.0000000180025095e-35 1.0000000180025095e-35 2479.9922125027801 0.28333333333333338 0.57955000000000012 0.94210526315789489 53.784728308333342 6.5000000000000009 1.0000000180025095e-35 1.0000000180025095e-35 14.688885683333334 1.0000000180025095e-35 36.276871408333342 10.295449491666668 115.50028618347223 70.950664066666675 1312.3100000000002 1.0000000180025095e-35 2408.2221817334744 3.5000000000000004 1.0000000180025095e-35 1.0000000180025095e-35 1.0000000180025095e-35 1258.1650000000002 0.59411764705882364 976.30664824992493 3.5000000000000004
decision_type=2 2 2 2 2 2 2 2 2 2 2 2 2 2 2 2 2 2 2 2 2 2 2 2 2 2 2 2 2 2
left_child=1 5 8 4 20 6 -1 13 9 -2 11 12 -5 -8 15 16 22 18 -17 -18 21 -3 -4 -22 25 26 -10 -27 29 -26
right_child=2 3 14 10 -6 -7 7 -9 24 -11 -12 -13 -14 -15 -16 17 19 -19 -20 -21 23 -23 -24 -25 28 27 -28 -29 -30 -31
leaf_value=-0.02369051403892149 -0.023738825791215733 -0.00091204051668519802 0.0066488565475939804 -0.0023236886818500118 -0.022229852920042415 0.0084170010910785357 0.0016258281902362826 -0.046013112385786398 -0.0033121449040341738 0.01800911371828413 -0.015126163906455136 0.018293689242196074 0.014724549016289556 -0.013104965396170567 0.024458930611385255 0.019009964458157454 0.0112892149558819 0.029209272389777878 -0.014603702524473893 -0.017893165566918088 -0.023862276613445262 0.020680192884863391 0.035336358915700715 0.003479095164581844 0.031291957045759683 -0.032820925398196817 0.021950805075217773 -0.0038834437614568402 -0.0041656702311868646 0.010700897677862625
leaf_weight=133.55323106795549 33.416434355080128 191.40710654854774 52.512601390480995 147.04833048582077 74.515849485993385 35.090220279991627 75.423916883766651 13.456352360546587 27.033875450491905 12.410753294825552 26.028807640075684 90.73345585167408 75.327856674790382 218.66509456932545 105.87273463606834 27.236819341778755 17.364119663834572 44.236530393362045 13.598307713866232 28.184559777379036 29.778395302593708 32.481932088732719 13.987452924251555 20.909673407673836 27.428382709622383 15.49327129870653 38.72303768992424 50.344133608043194 31.547511950135231 100.28280864655972
leaf_count=1077 177 982 234 668 583 187 384 68 119 68 111 388 307 1180 575 120 76 198 60 122 208 154 64 92 124 129 165 392 133 452
internal_value=3.0922e-05 -0.00521212 0.00956826 0.00033252 -0.0051986 -0.0132096 -0.0149452 -0.0110831 0.00385189 -0.0122897 0.00602454 0.00782535 0.00349131 -0.00933431 0.0158866 0.0111822 0.0050466 0.019111 0.00773493 -0.0067647 -0.000512695 0.0022986 0.013117 -0.0127344 0.00642857 0.000289484 0.0116707 -0.0110824 0.0114678 0.015332
internal_weight=1804.09 1164.42 639.673 688.231 349.093 476.189 441.099 307.545 336.68 45.8272 339.138 313.11 222.376 294.089 302.993 197.12 112.049 85.0717 40.8351 45.5487 274.577 223.889 66.5001 50.6881 290.853 131.594 65.7569 65.8374 159.259 127.711
internal_count=9597 6389 3208 3493 2019 2896 2709 1632 1759 245 1474 1363 975 1564 1449 874 496 378 180 198 1436 1136 298 300 1514 805 284 521 709 576
is_linear=0
shrinkage=0.045


Tree=42
num_leaves=31
num_cat=0
split_feature=34 5 29 15 22 20 22 29 19 34 1 20 19 21 14 22 20 20 15 15 13 14 19 14 25 2 20 20 21 6
split_gain=30.9698 25.902 18.3151 12.0569 10.037 9.46361 9.97802 9.41189 9.38771 9.27307 8.1859 7.64199 7.62688 7.34254 7.05003 6.95828 6.83898 6.47306 6.091 6.0033 5.80718 9.59856 8.28321 7.07615 6.03432 5.80403 5.69201 5.62345 5.49977 5.43889
threshold=0.61785714285714299 1.0000000180025095e-35 1.0000000180025095e-35 1.0000000180025095e-35 3520.1202160099497 255.66344580611113 3389.5775653457417 1.0000000180025095e-35 2.5000000000000004 0.28333333333333338 8.2169390650344134 890.27008414211821 1.0000000180025095e-35 0.59753081666666674 0.8861500000000001 7435.9181187333133 3.1282158236168986 3.1967297452604169 165.28746540986114 41.947159007083343 5.5000000000000009 0.59975000000000012 2.5000000000000004 0.56695000000000007 3.5000000000000004 0.76964434369697354 580.74923593857068 198.13919551241324 36.672205083333345 1.0000000180025095e-35
decision_type=2 2 2 2 2 2 2 2 2 2 2 2 2 2 2 2 2 2 2 2 2 2 2 2 2 2 2 2 2 2
left_child=2 3 5 27 12 9 8 14 26 25 -11 13 17 -9 19 -8 -12 -4 -13 -5 -3 23 24 28 -23 -1 -7 -2 -22 -27
right_child=1 20 4 7 -6 6 15 11 -10 10 16 18 -14 -15 -16 -17 -18 -19 -20 -21 21 22 -24 -25 -26 29 -28 -29 -30 -31
leaf_value=-0.039450867546544359 -0.0003270918149776109 0.020184079227811409 0.019302961402374398 0.011910130013091564 0.022240298781304058 -0.032826308070433602 0.032045048787289906 0.036678587873144874 0.0033542348992577388 0.011683225264646551 -0.04090752649004608 0.0029227971172266949 0.0039544937769309067 0.007825090902653143 0.027693587596743178 -0.0099125167739192149 0.0058741707543531543 -0.01087371964941569 -0.029743014928491806 -0.012988067271816993 -0.01241833055639532 0.0039712766239743688 0.039890173397357793 -0.031556360518039193 0.030141919294213216 -0.014803291419764242 -0.017641453806251046 -0.037004380737625769 0.021303115855808269 0.014823966587203807
leaf_weight=14.601406581699846 12.471621178090571 193.12070487439632 14.843996897339819 22.064449600875378 38.961867198348045 72.363369449973106 12.551621034741403 19.209904506802559 32.842016704380512 83.171992838382721 11.671772986650469 31.694825366139412 235.99716110527515 164.04115323722363 10.091456100344656 18.73260173946619 12.202835053205488 165.80504515767097 17.054590597748756 136.62662778049707 19.680960670113564 78.882882013916969 22.337722420692444 15.618335545063017 22.210145518183708 64.454728581011295 178.80165615677834 25.469236232340336 17.646058902144432 14.6688906699419
leaf_count=100 60 918 67 127 165 528 72 87 182 428 68 134 1029 723 65 111 70 870 71 852 83 378 118 67 110 457 1286 133 75 80
internal_value=-0.00046938 0.00603504 -0.0058803 -0.00136047 0.000696467 -0.0116767 -0.0165292 0.000959857 -0.0191809 -0.00401233 0.00502177 0.00682958 -0.00136659 0.0110324 -0.00710109 0.00739255 -0.0177215 -0.00830148 -0.00887322 -0.00947331 0.0147961 0.00881609 0.0156535 -0.00711865 0.00995989 -0.0142746 -0.0221292 -0.0252661 0.00366311 -0.00919417
internal_weight=1779.89 808.221 971.671 438.724 455.608 516.063 315.291 400.783 284.007 200.772 107.047 232 416.646 183.251 168.783 31.2842 23.8746 180.649 48.7494 158.691 369.497 176.376 123.431 52.9454 101.093 93.725 251.165 37.9409 37.327 79.1236
internal_count=9514 4001 5513 2252 2131 3382 2179 2059 1996 1203 566 1015 1966 810 1044 183 138 937 205 979 1749 831 606 225 488 637 1814 193 158 537
is_linear=0
shrinkage=0.045


Tree=43
num_leaves=31
num_cat=0
split_feature=14 34 23 29 4 19 25 15 0 19 5 4 26 6 0 34 19 25 3 14 14 0 14 14 15 0 2 33 27 15
split_gain=37.109 16.0426 13.7526 10.2198 14.2311 9.8031 9.30896 8.64015 8.50584 7.80658 7.72533 8.5286 12.3892 6.74232 6.20325 8.99018 6.12201 6.09148 5.29518 4.96229 4.89008 4.60506 4.5957 6.21573 4.57784 6.04246 4.54806 3.91851 4.45848 3.85946
threshold=0.60165000000000013 0.25000000000000006 1.0000000180025095e-35 1.0000000180025095e-35 1.0000000180025095e-35 1.0000000180025095e-35 5.5000000000000009 1.0000000180025095e-35 1154.8950000000002 1.5000000000000002 1.0000000180025095e-35 1.0000000180025095e-35 1.0000000180025095e-35 1.0000000180025095e-35 11847.795000000002 0.42500000000000004 2.5000000000000004 3.5000000000000004 548.74377683180569 0.55385000000000006 0.70085000000000008 9153.7550000000028 0.89195000000000013 0.85485000000000011 50.139126469444449 1914.825 0.73061629371614656 2.5000000000000004 1.0000000180025095e-35 29.74169333041667
decision_type=2 2 2 2 2 2 2 2 2 2 2 2 2 2 2 2 2 2 2 2 2 2 2 2 2 2 2 2 2 2
left_child=1 10 5 4 22 14 26 -5 -4 20 11 12 13 -1 19 -16 -12 -11 -10 -3 21 -9 23 29 -6 -26 -7 -13 -29 -2
right_child=3 2 8 7 24 6 -8 9 18 17 16 27 -14 -15 15 -17 -18 -19 -20 -21 -22 -23 -24 -25 25 -27 -28 28 -30 -31
leaf_value=0.03247001807812077 -0.0054224653383103914 -0.0091782657406442921 -0.0086089791281211431 -0.015332987402838486 0.0079355881760718259 -0.011469179945125196 0.035730244623528321 0.008404991071653654 0.011801649261479299 0.033825981720750534 -0.029717390750066505 -0.0308196710039138 -0.027652995927618797 0.00091536399197401127 -0.010110032135829693 0.039323108300912492 0.0036412767450191078 0.0077716443416174482 0.035967675919000353 -0.027030978669628072 0.018588234819898665 -0.019898980520573074 0.031266530929667073 -0.018903190413883414 0.0011442578089740634 -0.028632498277500969 0.001170011553712054 0.013444720658444168 -0.021197215519287844 0.011672384076258441
leaf_weight=20.373189985752106 30.152443557977676 277.00372054427862 26.202799148857594 15.930316194891928 16.500571921467781 65.922629237174988 13.733423009514807 51.140099540352821 53.201832436025143 77.363303288817406 77.47104062885046 33.141368292272091 20.456439256668091 38.42398290336132 17.535531893372539 11.57234939932823 12.745586380362509 24.587471142411232 28.434714004397392 35.066805683076382 82.805741742253304 13.995077282190321 16.960486069321632 15.841141656041144 20.935157217085361 39.072986453771591 415.27486681938171 11.289019584655763 18.762038134038448 204.33095341920853
leaf_count=103 139 1576 128 66 117 320 67 232 250 413 622 259 154 228 98 54 72 134 136 176 395 61 76 70 171 324 2002 81 166 899
internal_value=0.00045586 -0.00421233 -0.00159735 0.00945801 0.0043144 -0.00355222 0.000495891 0.0160693 0.0134527 0.0181242 -0.0147694 -0.00815054 0.00170385 0.0122092 -0.0094089 0.0101963 -0.0250163 0.027679 0.0205523 -0.0112643 0.0113982 0.00211461 0.00921031 0.00759746 -0.0126878 -0.0183957 -0.000581714 -0.0203436 -0.0081697 0.00946045
internal_weight=1786.23 1176.61 943.949 609.616 343.794 836.109 494.931 265.822 107.839 249.892 232.663 142.446 79.2536 58.7972 341.178 29.1079 90.2166 101.951 81.6365 312.071 147.941 65.1352 267.285 250.325 76.5087 60.0081 481.197 63.1924 30.0511 234.483
internal_count=9589 6492 4807 3097 1796 4293 2389 1301 514 1235 1685 991 485 331 1904 152 694 547 386 1752 688 293 1184 1108 612 495 2322 506 247 1038
is_linear=0
shrinkage=0.045


Tree=44
num_leaves=31
num_cat=0
split_feature=34 5 9 31 14 15 6 31 21 21 22 3 6 5 11 22 24 22 27 20 14 0 22 0 0 21 22 21 21 2
split_gain=26.7943 15.536 20.2966 18.9 15.9627 14.0462 8.42772 8.26454 7.60198 10.7078 8.76889 7.79572 9.815 7.56117 6.55162 8.09684 7.33989 6.51748 6.48888 6.47524 5.47859 5.19713 5.80094 4.70321 6.45749 4.66652 4.4909 4.40183 4.12705 4.11991
threshold=0.3083333333333334 1.0000000180025095e-35 1.0000000180025095e-35 1.0000000180025095e-35 1.0000000180025095e-35 1.0000000180025095e-35 1.0000000180025095e-35 1.0000000180025095e-35 3.493057133333334 43.015260766666678 3389.5775653457417 500.16783095444453 1.0000000180025095e-35 1.0000000180025095e-35 1.0000000180025095e-35 645.39346929414762 1.0000000180025095e-35 5148.5707408031367 1.0000000180025095e-35 3.8139838356886577 0.59240000000000015 832.68000000000018 1296.2444441506175 1721.2950000000003 832.68000000000018 1.2689501000000003 878.87736231552344 17.902417658333338 1.1185239500000004 0.94402670545228273
decision_type=2 2 2 2 2 2 2 2 2 2 2 2 2 2 2 2 2 2 2 2 2 2 2 2 2 2 2 2 2 2
left_child=8 3 21 6 -4 26 20 -7 19 13 11 -11 -13 -10 16 -16 -5 -18 -8 -1 -2 -3 -23 24 -21 -20 -6 -15 -25 -17
right_child=1 2 4 14 5 7 18 -9 9 10 -12 12 -14 27 15 29 17 -19 25 23 -22 22 -24 28 -26 -27 -28 -29 -30 -31
leaf_value=-0.015866837524384288 -0.030836924391102808 -0.037107753755418194 0.046703604301829772 -0.0034893004367721097 -0.030951500059281507 0.0078270571015735847 -0.0251279321972303 0.020586407825189966 -0.012830737884394736 -0.015521950510778353 0.023219139495901962 -0.0044976819410919707 0.036441238236401122 -0.01462009481245472 -0.032311308772574557 0.016079153823231607 0.0088964949259572983 0.033252166243591397 0.023460230097357662 -0.001296978957018754 -0.011697778667974565 -0.012098813733562891 0.020602915177834191 0.0093222119338694683 0.040257857030908901 -0.0019880583176619996 0.00013912357652381212 -0.040620541994215283 -0.020326991249786947 -0.0050619617105833415
leaf_weight=27.978866390883923 48.147045873105526 12.395088613033293 24.765286535024643 91.845822229981422 18.791044443845749 285.56302329897881 19.667546287178993 161.63549900054932 112.73774061352015 111.15497636795044 19.284005433320999 64.188027560710907 13.503785297274588 21.199107922613621 17.466085448861122 23.789536684751511 227.64346960186958 23.912017270922661 16.816351532936096 13.087047606706621 84.778682634234428 62.783533856272697 12.327318176627157 27.158941276371479 16.775996692478657 79.93812195956707 17.915676146745682 42.594631917774677 13.35381221026182 74.569411218166351
leaf_count=158 394 68 104 406 86 1249 89 836 725 779 111 455 78 156 74 101 1005 105 70 82 670 344 53 152 98 352 79 319 84 316
internal_value=-7.85006e-06 0.0033444 0.0086913 -0.00116026 0.0121342 0.0102723 -0.0111095 0.0124744 -0.00905132 -0.0118997 -0.00494688 -0.0079302 0.00299067 -0.0200231 0.0042543 -0.00496981 0.00737087 0.0113342 -0.00223354 0.00209637 -0.0188087 -0.011233 -0.00653157 0.00936013 0.0225951 0.00262971 -0.0161757 -0.0323394 -0.000704993 0.00016169
internal_weight=1787.77 1304.75 596.176 708.574 508.671 483.905 249.348 447.199 483.017 384.662 208.131 188.847 77.6918 176.531 459.226 115.825 343.401 251.555 116.422 98.3547 132.926 87.5059 75.1109 70.3758 29.863 96.7545 36.7067 63.7937 40.5128 98.3589
internal_count=9598 6401 2819 3582 2354 2250 1575 2085 3197 2623 1423 1312 533 1200 2007 491 1516 1110 511 574 1064 465 397 416 180 422 165 475 236 417
is_linear=0
shrinkage=0.045


Tree=45
num_leaves=31
num_cat=0
split_feature=34 20 21 21 14 27 14 13 0 34 34 19 5 4 29 0 3 28 5 20 32 29 4 34 4 32 20 0 34 34
split_gain=31.4675 22.4383 9.26956 12.0563 8.96245 7.92291 7.54658 6.04561 5.99329 7.85148 11.046 5.84858 6.55814 8.32796 12.0642 7.98309 6.16154 6.0838 5.4663 5.3107 5.21178 4.63236 9.80308 5.09382 4.37821 4.15822 4.00101 3.92432 3.87909 3.64
threshold=0.28333333333333338 110.13957020651043 10.295449491666668 42.11851020000001 0.72705000000000009 1.0000000180025095e-35 0.80275000000000007 3.5000000000000004 3109.2950000000005 0.40526315789473694 0.70917366946778715 1.5000000000000002 1.0000000180025095e-35 1.0000000180025095e-35 1.0000000180025095e-35 5888.9700000000012 627.018079611389 1.0000000180025095e-35 1.0000000180025095e-35 233.28646449523151 0.94210526315789489 1.0000000180025095e-35 1.0000000180025095e-35 0.7511904761904763 1.0000000180025095e-35 0.39827586206896559 0.80366162056712975 4437.6200000000008 0.42500000000000004 0.2166666666666667
decision_type=2 2 2 2 2 2 2 2 2 2 2 2 2 2 2 2 2 2 2 2 2 2 2 2 2 2 2 2 2 2
left_child=11 4 8 6 20 25 7 -4 9 -3 -11 12 13 16 -15 -14 27 -13 -10 -19 -2 22 -22 -23 -7 -5 -6 -1 -20 -21
right_child=1 2 3 5 26 24 -8 -9 18 10 -12 17 15 14 -16 -17 -18 19 28 29 21 23 -24 -25 -26 -27 -28 -29 -30 -31
leaf_value=-0.011043259983517259 -0.0069497404180892527 0.01608897280249966 -0.0074551774636434634 -0.0045076977177416541 -0.00067349796699615091 0.0013975964555993294 0.013118465084112501 -0.021640557832527562 0.004798987080191483 -0.024159360250856028 0.0051786345474508135 0.021212742906060393 -0.032897225869630335 -0.035381832931867148 0.0059035707012215907 0.0076207985126205005 0.026827214257824167 -0.021539926558200157 0.0038613302307502432 -0.013723405796232935 0.0088210485497145497 0.0080993159887725978 -0.0184557769843379 0.023905312151234103 -0.0094215766246841283 0.023614236296084189 0.023586538240170967 0.0198812885954151 0.032792443559339718 0.013440585506984374
leaf_weight=56.656113609671593 48.433228060603142 41.746580764651299 136.21739736199379 13.958188600838183 15.657199986279009 250.34974949061871 22.081063501536846 111.42589326947927 63.300755850970745 42.651933446526527 63.539898984134197 15.789167717099188 68.842495366930962 45.529949717223644 20.342912063002586 11.073429033160208 12.365955859422682 34.040019206702709 13.193946495652197 15.826392680406569 122.82100832462311 123.95230281352997 33.028135754168034 62.292881146073341 107.47048037499189 40.323971502482891 109.77544089406729 8.7713883072137815 34.204503551125526 23.63390626013279
leaf_count=372 233 206 716 72 84 1221 111 559 316 206 319 82 598 447 92 93 80 206 69 96 555 541 264 297 597 203 582 54 161 140
internal_value=-0.000164456 0.00261907 -0.00151914 -0.00426964 0.0101503 0.000575474 -0.0116471 -0.0138992 0.00572029 -0.000219055 -0.00672042 -0.0130889 -0.016964 -0.0110889 -0.0227344 -0.0272581 -0.00106446 -0.00330533 0.0135885 -0.00878628 0.00675746 0.00871271 0.00295963 0.0134853 -0.00186912 0.0164322 0.0205769 -0.00666055 0.0249853 0.00247598
internal_weight=1769.3 1456.42 940.464 681.827 515.96 412.102 269.724 247.643 258.638 147.938 106.192 312.872 223.582 143.666 65.8729 79.9159 77.7935 89.2895 110.699 73.5003 390.528 342.094 155.849 186.245 357.82 54.2822 125.433 65.4275 47.3985 39.4603
internal_count=9572 7312 4756 3479 2556 2093 1386 1275 1277 731 525 2260 1736 1045 539 691 506 524 546 442 1890 1657 819 838 1818 275 666 426 230 236
is_linear=0
shrinkage=0.045


Tree=46
num_leaves=31
num_cat=0
split_feature=14 5 29 4 22 32 21 22 29 19 22 2 29 4 19 33 21 13 25 15 3 21 33 22 15 3 3 17 25 3
split_gain=25.1029 13.1819 13.1228 19.2512 10.4349 8.27107 11.0337 7.14562 6.96844 6.63057 6.2941 8.30855 6.22317 6.56635 5.64909 5.15009 5.14342 4.99006 4.8392 4.58677 4.53441 5.73555 6.14112 5.91325 5.14867 4.38962 4.60524 4.37165 3.92429 3.8704
threshold=0.59715000000000007 1.0000000180025095e-35 1.0000000180025095e-35 1.0000000180025095e-35 3520.1202160099497 0.68857758620689669 44.770398166666673 415.33053379504514 1.0000000180025095e-35 1.0000000180025095e-35 906.38952568341108 0.62443170305292228 1.0000000180025095e-35 1.0000000180025095e-35 1.0000000180025095e-35 1.5000000000000002 83.382010358333346 6.5000000000000009 3.5000000000000004 83.337148780277786 627.018079611389 39.498993600000013 1.5000000000000002 692.17965947203231 154.77802511111113 541.03254132777795 350.39197410888897 0.59411764705882364 1.5000000000000002 697.13824248958349
decision_type=2 2 2 2 2 2 2 2 2 2 2 2 2 2 2 2 2 2 2 2 2 2 2 2 2 2 2 2 2 2
left_child=2 5 3 7 9 6 -2 -1 20 10 11 -4 13 -7 15 -9 -16 29 28 -12 21 23 -23 -3 -22 26 -6 -15 -14 -11
right_child=1 8 4 -5 25 12 -8 14 -10 17 19 -13 18 27 16 -17 -18 -19 -20 -21 24 22 -24 -25 -26 -27 -28 -29 -30 -31
leaf_value=-0.040916690964796748 -0.032836989762342353 -0.013970795231186762 -0.033520655867838582 -0.024983653937750479 0.02555825523556696 0.0058071679041169265 0.013020940667518459 0.0026578787065375184 0.023250846591132673 0.0056150581586601805 -0.021781677255514022 0.0017862629076869805 0.0047641005598522248 -0.034451002308044758 -0.0014440908156252226 -0.015524238050324319 0.025171402929549978 -0.017025231906784871 -0.0049727309423126401 0.006566949210456148 -0.022019526549883903 -0.0047047007736235246 0.028713118549128516 0.011182228373938981 0.013766320864458207 0.035547266569930215 -0.006443978620443342 -0.0070912623784782714 0.021458672306160304 -0.017102690385168616
leaf_weight=9.8781226426362974 29.590197369456291 24.947971642017365 14.018683284521101 123.96026898920536 16.343143776059151 71.666967302560806 15.599247008562086 42.900483377277851 100.72967456281185 265.33403864502907 70.176607519388199 132.44280042499304 51.999880760908127 14.899227403104303 245.25476720184088 115.49881874769926 14.636721357703207 23.064242348074913 34.48508757352829 13.32196471095085 18.065832316875461 13.773062020540236 52.003606826066971 69.368887007236481 13.318133279681204 19.322146236896515 18.504981800913811 49.279424957931042 64.117121785879135 15.145284473896025
leaf_count=60 156 111 70 1102 70 309 87 293 573 1160 375 659 232 131 1310 806 78 98 156 56 81 62 235 311 61 84 79 393 294 66
internal_value=-0.000493373 0.00675699 -0.00446413 -0.00943893 0.000217871 0.000609415 -0.0170678 -0.00489082 0.0137082 -0.00170572 -0.00745309 -0.00179757 0.00344781 -0.00352441 -0.00394449 -0.0106141 0.000145593 0.00265858 0.00971864 -0.0172345 0.00859348 0.0116501 0.0217501 0.00445217 -0.00687725 0.0188501 0.00885878 -0.013874 0.014087 0.00433195
internal_weight=1763.65 623.844 1139.8 552.129 587.674 331.637 45.1894 428.169 292.207 533.504 229.96 146.461 286.448 135.846 418.291 158.399 259.891 303.544 150.602 83.4986 191.477 160.094 65.7767 94.3169 31.384 54.1703 34.8481 64.1787 116.117 280.479
internal_count=9558 3192 6366 3649 2717 1758 243 2547 1434 2484 1160 729 1515 833 2487 1099 1388 1324 682 431 861 719 297 422 142 233 149 524 526 1226
is_linear=0
shrinkage=0.045


Tree=47
num_leaves=31
num_cat=0
split_feature=34 20 19 20 31 34 4 21 4 3 26 7 7 15 0 33 20 20 3 13 19 19 31 25 0 19 21 31 15 0
split_gain=32.953 12.4797 13.044 10.7414 9.35612 7.86192 7.78812 7.49977 6.43383 6.34047 6.4512 15.4106 11.0124 5.96495 5.742 5.42161 5.35201 7.90008 5.28362 5.2071 4.98478 4.71305 4.32924 4.13699 4.77742 4.06008 7.43117 4.02712 4.42956 3.95907
threshold=0.70505050505050504 4.7304159880324077 2.5000000000000004 212.05129417083916 1.0000000180025095e-35 0.9031159420289856 1.0000000180025095e-35 2.9179069750000006 1.0000000180025095e-35 690.98219557013908 1.0000000180025095e-35 1.0000000180025095e-35 1.0000000180025095e-35 130.10176831458335 1653.2150000000004 2.5000000000000004 1255.5352754645257 969.09858177170156 610.36101937027786 4.5000000000000009 1.0000000180025095e-35 2.5000000000000004 1.0000000180025095e-35 3.5000000000000004 2415.3500000000008 1.5000000000000002 23.208183650000002 1.0000000180025095e-35 60.406947603194453 2979.7550000000006
decision_type=2 2 2 2 2 2 2 2 2 2 2 2 2 2 2 2 2 2 2 2 2 2 2 2 2 2 2 2 2 2
left_child=1 9 4 -4 6 8 13 -6 16 10 12 -12 18 -3 -9 27 17 20 -1 -19 -2 -17 29 25 -25 26 -7 28 -10 -5
right_child=5 2 3 22 7 23 -8 14 15 -11 11 -13 -14 -15 -16 21 -18 19 -20 -21 -22 -23 -24 24 -26 -27 -28 -29 -30 -31
leaf_value=0.0042483057178609191 0.0013918879213245473 -0.013912406852058768 -0.030861845700183136 0.013466840825635294 0.010905941518378759 0.037365386669354995 -0.026299136474724063 -0.017748979573190722 0.0058067612955979156 0.03072101057555874 0.0060975961004716972 -0.049248331699454431 0.035796861175049988 0.0032021922299994882 -0.0036512889212960971 0.00100581672763358 0.028872462016010281 0.0091751246079155753 -0.01491614031614006 -0.019597164881782748 0.014505896232336557 0.027726921035966544 0.026626227702032434 -0.01513548882445946 0.020277224292868493 0.040011944380452635 -0.0022963367938076094 -0.0016374343836882523 -0.031783578476336331 -0.013060079363753255
leaf_weight=185.78117445856333 84.397652715444565 250.71750497072935 11.698079563677309 36.369503244757652 53.060296818614006 16.876545026898384 89.143292389810085 77.962785921990871 8.1887143701314944 14.715097479522226 26.721985571086407 15.279995605349539 19.453079745173454 48.920228391885757 228.82779249548912 68.341230347752571 24.867969140410423 20.090398758649826 33.520810775458813 31.707355633378029 193.45930318534374 15.641463294625281 31.074791952967644 12.161245048046114 17.79664546251297 25.646997332572937 20.344734683632851 47.294742032885551 23.555060982704163 15.476119682192801
leaf_count=956 372 1664 60 192 233 84 849 390 60 77 137 86 84 210 1112 391 115 93 175 146 930 96 132 61 89 143 95 211 198 90
internal_value=-0.000526691 -0.00504765 -0.00783383 0.00784591 -0.0098234 0.00790218 -0.0146565 -0.00457557 0.00571614 0.00290348 0.00134164 -0.0147139 0.00421573 -0.0111168 -0.00727987 -0.00167667 0.00911075 0.00753719 0.00126457 -0.00847507 0.0105419 0.00625023 0.0136093 0.0198995 0.00587708 0.0263847 0.0161938 -0.0100723 -0.0222055 0.00545116
internal_weight=1749.09 1138.72 843.25 94.6185 748.632 610.37 388.781 359.851 517.544 295.472 280.757 42.002 238.755 299.638 306.791 163.021 354.523 329.655 219.302 51.7978 277.857 83.9827 82.9204 92.8262 29.9579 62.8683 37.2213 79.0385 31.7438 51.8456
internal_count=9531 6447 4932 474 4458 3084 2723 1735 2612 1515 1438 223 1215 1874 1502 956 1656 1541 1131 239 1302 487 414 472 150 322 179 469 258 282
is_linear=0
shrinkage=0.045


Tree=48
num_leaves=31
num_cat=0
split_feature=34 19 5 9 31 21 31 22 21 21 3 0 21 4 13 22 21 13 14 2 4 21 13 17 34 34 3 3 26 7
split_gain=21.5096 16.1384 12.0809 11.5587 9.81471 6.80918 6.47336 5.89718 5.89037 6.82556 10.4104 9.04179 8.92507 13.0486 5.88743 5.58328 5.38565 5.33613 9.26218 5.62683 5.17015 7.11354 5.14957 5.12692 4.93662 4.85291 4.64991 4.52626 4.5182 10.2663
threshold=0.28333333333333338 1.0000000180025095e-35 1.0000000180025095e-35 1.0000000180025095e-35 1.0000000180025095e-35 2.5638064166666674 1.0000000180025095e-35 888.19766824079045 15.204076041666669 43.015260766666678 512.06237485819463 6083.5300000000016 70.950664066666675 1.0000000180025095e-35 8.5000000000000018 712.17014633779638 0.8540672250000001 2.5000000000000004 0.54270000000000007 0.51116493909216199 1.0000000180025095e-35 57.032511758333342 4.5000000000000009 0.83045977011494265 0.79935897435897452 0.8026397515527951 304.70635012791672 342.09438017111114 1.0000000180025095e-35 1.0000000180025095e-35
decision_type=2 2 2 2 2 2 2 2 2 2 2 2 2 2 2 2 2 2 2 2 2 2 2 2 2 2 2 2 2 2
left_child=8 5 4 7 20 25 23 26 15 11 28 -10 13 -12 17 16 -1 18 -7 -19 21 -3 -8 -5 -16 -2 -4 -9 29 -11
right_child=1 2 3 6 -6 14 22 27 9 10 12 -13 -14 -15 24 -17 -18 19 -20 -21 -22 -23 -24 -25 -26 -27 -28 -29 -30 -31
leaf_value=-0.013396839702807901 0.0020075026110565851 -0.0063008305450127176 0.0083845857848599773 0.019961708560783917 0.0068656491584339098 -0.0052467572987327403 0.035372571739286228 -0.01094367357702649 -0.032179976574797056 -0.019632126567035287 0.040346571983240757 0.0072926626740872757 -0.01513273436883443 -0.019643979911441248 -0.0027413976106477815 -0.0095207224978532002 0.024077905293433597 -0.03849881712283746 0.026464168356907309 -0.010077219803119672 -0.013651092631103558 0.017960839673392393 0.015443720325327065 0.0057882137695300425 0.033265902136468024 0.028166924799557257 -0.024951382076929835 0.018602910495385275 -0.040421432095647962 0.031472143377857802
leaf_weight=10.317294634878634 54.293010234832764 86.202576443552971 11.405357927083967 84.326153934001923 311.24734200537205 169.21292418241501 50.241329520940781 15.342887058854101 63.150784745812416 58.754976943135262 22.314474076032639 13.985909610986708 21.184559054672718 9.9915349334478361 17.276531800627712 55.982557035982609 24.98804147541523 14.414411328732966 19.951124362647533 194.76663663238287 91.733785524964333 33.019688278436661 59.717760354280472 134.22853657603264 12.725782483816145 18.611325077712536 27.891954600811005 28.982576444745064 14.414399720728396 8.2680812329053861
leaf_count=65 262 388 61 359 1349 970 273 76 494 469 154 95 159 83 86 388 169 66 96 958 765 149 344 613 59 90 150 142 116 42
internal_value=0.00055393 0.0028559 0.00634817 0.0120983 0.00179555 -0.00365343 0.0158908 -0.00281211 -0.0103135 -0.0144114 -0.00820636 -0.0250213 0.00713937 0.0217601 -0.00581891 -0.000741088 0.0130593 -0.00727399 -0.00178063 -0.0122096 -0.00568205 0.000512164 0.0247861 0.0113229 0.0131118 0.00897636 -0.0153082 0.0083598 -0.0182502 -0.0129578
internal_weight=1738.94 1435.59 934.34 412.137 522.203 501.252 328.514 83.6228 303.353 212.065 134.928 77.1367 53.4906 32.306 428.347 91.2879 35.3053 398.345 189.164 209.181 210.956 119.222 109.959 218.555 30.0023 72.9043 39.2973 44.3255 81.4375 67.0231
internal_count=9490 7256 4669 2018 2651 2587 1589 429 2234 1612 1023 589 396 237 2235 622 234 2090 1066 1024 1302 537 617 972 145 352 211 218 627 511
is_linear=0
shrinkage=0.045


Tree=49
num_leaves=31
num_cat=0
split_feature=14 29 4 5 22 19 21 0 25 32 19 15 0 22 0 0 3 0 21 22 29 17 3 0 0 0 3 15 0 22
split_gain=19.9972 14.423 12.6204 10.0166 8.98847 8.10661 12.3589 7.30686 7.06211 6.93253 6.12103 6.6871 6.51489 5.83611 7.00858 5.19247 5.15739 5.4381 4.65396 4.58667 4.6471 4.28586 5.16833 4.68069 4.16755 4.08287 4.07081 4.03136 4.01067 3.89994
threshold=0.59715000000000007 1.0000000180025095e-35 1.0000000180025095e-35 1.0000000180025095e-35 3520.1202160099497 1.5000000000000002 0.45497504166666675 4275.5850000000009 3.5000000000000004 0.46085772634445205 1.0000000180025095e-35 116.17251998055558 1982.7750000000003 1310.629131461691 1209.2550000000003 1914.825 658.62516667444459 1425.8550000000002 14.242423066666669 8266.1211513399539 1.0000000180025095e-35 1.0000000180025095e-35 615.89072432444448 5715.4600000000009 2032.0950000000003 7551.4850000000015 521.20789766611119 60.406947603194453 2574.5950000000003 954.47106846383429
decision_type=2 2 2 2 2 2 2 2 2 2 2 2 2 2 2 2 2 2 2 2 2 2 2 2 2 2 2 2 2 2
left_child=1 2 13 8 5 6 -3 -8 21 -7 11 27 -13 16 -15 -6 18 -18 -1 20 -12 22 -2 -23 -11 28 -17 -5 29 -10
right_child=3 4 -4 10 15 9 7 -9 25 24 19 12 -14 14 -16 26 17 -19 -20 -21 -22 23 -24 -25 -26 -27 -28 -29 -30 -31
leaf_value=-0.00091440061962183637 -0.013889877093163066 0.036632688711339761 -0.021553981174998172 0.0029109979247825004 -0.0022421137519686983 -0.019465378842252624 -0.010605789875508772 0.0023794405100579473 -0.0043859054879369017 0.024181390565386686 0.013991648137307 0.033512773472074063 -0.00041708188340794464 -0.011868216775664435 0.021024404510092323 0.014663780624524595 0.025877134362825016 -0.0065274018199891247 -0.01244887514706931 -0.0067739601390534969 0.029482246446423596 0.0036280108586185735 0.020260593957176005 0.018969854164651027 0.0066569892325876396 -0.033924639512034262 0.045200231361928127 -0.024012514767487034 0.0078025664547177248 -0.035644237894982972
leaf_weight=102.91263011097908 41.31048284471035 13.779087409377096 118.68767763674259 24.19395886361599 16.496807545423508 14.810973957180975 215.92517557740211 146.8439998626709 23.087138667702675 39.519511207938194 126.33375039696693 19.908859074115753 25.303418785333633 20.235612139105797 33.790219612419605 22.775510534644127 17.864279963076115 22.916194684803486 227.45682488381863 14.570652112364767 58.864890098571777 156.17572370171547 10.451291002333162 53.58591116964817 89.201378628611565 12.079921573400496 15.229055866599081 19.763791173696518 24.445919148623943 11.722750328481196
leaf_count=583 221 60 1100 108 70 64 1054 704 118 170 584 90 115 112 174 99 105 141 1447 76 376 846 59 273 383 62 67 88 131 65
internal_value=0.000202136 -0.00339394 -0.00863948 0.00666555 0.00157755 -0.000258997 -0.00372794 -0.00535745 0.00133505 0.00880443 0.0127805 0.00293326 0.0149255 -0.00499228 0.00871254 0.0187917 -0.00700526 0.00794732 -0.0088694 0.0171395 0.0190472 0.00476165 -0.0067412 0.00761866 0.0121822 -0.0111193 0.0277454 -0.00945891 -0.00598437 -0.015614
internal_weight=1740.24 1118.44 543.863 621.798 574.582 520.08 376.548 362.769 332.859 143.532 288.939 89.17 45.2123 425.176 54.0258 54.5014 371.15 40.7805 330.369 199.769 185.199 261.523 51.7618 209.762 128.721 71.3357 38.0046 43.9578 59.2558 34.8099
internal_count=9545 6333 3662 3212 2671 2435 1818 1758 1775 617 1437 401 205 2562 286 236 2276 246 2030 1036 960 1399 280 1119 553 376 166 196 314 183
is_linear=0
shrinkage=0.045


Tree=50
num_leaves=31
num_cat=0
split_feature=29 4 19 21 21 12 20 32 14 20 33 20 2 26 20 20 20 0 21 2 32 34 14 21 22 22 22 20 17 21
split_gain=20.9483 25.6455 15.04 11.6921 11.3606 9.82469 8.99497 7.56626 7.1006 6.96443 6.91856 9.77137 7.50628 9.06151 6.54287 10.7401 5.77728 5.77052 5.14837 4.86362 5.29705 4.72143 6.38172 4.91587 3.99001 3.89823 3.5051 3.31627 3.27328 5.38883
threshold=1.0000000180025095e-35 1.0000000180025095e-35 1.5000000000000002 1.4071190083333336 45.598216441666672 1.0000000180025095e-35 3.6287282718287037 0.40838270792187847 0.72555000000000014 1212.4252295709032 2.5000000000000004 138.98794480060187 0.93346622708578764 1.0000000180025095e-35 131.80398851914933 982.97146539696189 1228.6181986924828 4689.4450000000006 67.625836241666676 0.84559563888707423 0.94210526315789489 0.78452380952380962 0.52255000000000007 10.295449491666668 9705.804634286982 1090.0171443972531 839.57821687551302 1.4051355812731485 0.7417989417989419 0.39543997500000005
decision_type=2 2 2 2 2 2 2 2 2 2 2 2 2 2 2 2 2 2 2 2 2 2 2 2 2 2 2 2 2 2
left_child=1 5 3 28 9 10 8 -7 17 19 11 27 18 -14 -6 -16 -13 -5 -12 26 -21 22 -9 -23 25 -8 -4 -1 29 -2
right_child=2 -3 4 6 14 7 24 21 -10 -11 12 16 13 -15 15 -17 -18 -19 -20 20 -22 23 -24 -25 -26 -27 -28 -29 -30 -31
leaf_value=-0.002956772408072936 0.031980609118781735 -0.019922059652108054 0.0079068586359517176 -0.0057732878035544732 0.039219164096192242 -0.018172389533289101 -0.0034934967729384108 -0.0025689404680352022 0.038173366446664206 -0.022735603437246017 -0.034403736588183499 -0.010365290012821809 -0.001895332855486297 -0.029535977155164258 0.0015915757464479326 0.04527764905935408 0.01462949231848434 0.022614357487919859 0.00031198106699225909 -0.016033920434324771 0.0091082783823500397 0.014422205606035403 0.019608228723843709 -0.0051762191244381639 0.019108061357335802 -0.014602149879881992 0.040149910321158271 0.018798388359711704 0.02656543689243468 -0.00041714065955473584
leaf_weight=18.685988619923592 13.249986052513121 191.83850237727165 13.040672525763513 38.812090143561363 40.836109936237335 24.345892801880836 323.58618380874395 35.964327856898308 15.350658088922499 14.245409220457075 37.684526190161705 125.1344671100378 139.31365717202425 28.062233574688435 37.507121160626411 15.417969062924383 21.089115083217621 21.873036295175552 11.119080401957033 18.945258140563965 114.84284898638725 37.069874554872513 94.434183984994888 80.21630334854126 12.604847699403761 79.078884713351727 14.871810957789419 54.889826625585556 33.170466765761375 38.353645503520966
leaf_count=101 59 1724 61 173 199 109 1572 158 77 64 223 803 819 196 177 73 127 95 69 89 555 170 417 362 55 379 72 290 164 172
internal_value=-0.000597071 -0.00537339 0.00448489 0.000373138 0.0132335 -0.00140883 -0.00229884 0.00529025 0.0118331 0.0064256 -0.00559128 3.69742e-05 -0.0112876 -0.00667746 0.0258063 0.0149217 -0.00668553 0.00465935 -0.0266469 0.00911858 0.00545544 0.00766028 0.0135187 0.00108769 -0.0049086 -0.00570588 0.0258805 0.0133077 0.0157047 0.00835127
internal_weight=1745.63 899.848 845.787 576.08 269.707 708.009 491.306 272.031 76.0358 175.946 435.979 219.799 216.179 167.376 93.7612 52.9251 146.224 60.6851 48.8036 161.701 133.788 247.685 130.399 117.286 415.27 402.665 27.9125 73.5758 84.7741 51.6036
internal_count=9604 5568 4036 2746 1290 3844 2351 1216 345 841 2628 1321 1307 1015 449 250 930 268 292 777 644 1107 575 532 2006 1951 133 391 395 231
is_linear=0
shrinkage=0.045


Tree=51
num_leaves=31
num_cat=0
split_feature=29 4 9 20 21 19 6 14 15 7 2 17 21 21 21 7 21 20 22 27 2 22 20 21 0 20 0 14 22 0
split_gain=15.5833 22.5984 10.697 10.4827 17.3085 17.8329 9.73941 8.31147 9.86484 8.23093 6.24771 4.99369 4.80855 10.257 9.23951 5.81997 4.61757 4.27678 4.69605 4.21994 3.95247 3.90196 3.677 3.52968 3.44867 4.24425 3.39909 4.23127 3.48929 2.94652
threshold=1.0000000180025095e-35 1.0000000180025095e-35 1.0000000180025095e-35 85.933612917656262 13.349123341666669 2.5000000000000004 1.0000000180025095e-35 1.0000000180025095e-35 1.0000000180025095e-35 1.0000000180025095e-35 0.57062409267328429 0.63397129186602885 3.493057133333334 43.373110366666673 51.95633045000001 1.0000000180025095e-35 40.479159416666675 4.2329112935937507 3439.0537490892816 1.0000000180025095e-35 0.44840001730069867 628.18673588158288 1336.117531140718 49.533520741666671 3656.7650000000003 3.8139838356886577 1293.9350000000002 0.56295000000000006 976.25440771721162 3080.2450000000003
decision_type=2 2 2 2 2 2 2 2 2 2 2 2 2 2 2 2 2 2 2 2 2 2 2 2 2 2 2 2 2 2
left_child=1 2 12 9 -5 10 7 -4 -9 11 29 23 24 15 -15 -14 -7 18 -13 -12 -3 -22 -23 -2 25 -1 28 -28 -8 -6
right_child=3 20 6 4 5 16 26 8 -10 -11 19 17 13 14 -16 -17 -18 -19 -20 -21 21 22 -24 -25 -26 -27 27 -29 -30 -31
leaf_value=-0.010948465124128299 0.0026576614091747886 0.013000112862069613 0.033676371784352475 0.013008363283505141 -0.041086067976537154 0.0043507393013038735 -0.0065952394202314826 -0.017368802439106115 0.0083371533696723725 -0.016592179516091023 0.0054842649965254923 0.020608772542694671 -0.02909457277682026 0.025881841208067625 -0.0082049767891654666 -0.00093927693800422883 0.037569840403462867 0.039598660705006582 -0.0086820988498910266 -0.007658970055051402 -0.00045332367258831593 -0.022859589193895975 0.0088769371156503605 0.017515716721398424 -0.017193577707891185 0.018787594128460927 -0.015793985915912596 0.0068905301124133527 -0.031218262716696504 -0.011489739307885188
leaf_weight=13.4198931902647 89.238396272063255 7.4123473837971678 21.968608304858208 166.94848824292421 14.07373867928982 13.65472601354122 30.64497609436512 32.930333621799946 280.26328881084919 18.606747969985008 59.103348083794117 75.865269958972931 66.455920644104481 18.739318259060383 86.502642065286636 19.157517679035664 22.65399095416069 19.967470809817314 12.379340022802351 283.99822518229485 20.199076972901821 157.98034064471722 7.2527845427393904 50.214360505342484 11.608568429946898 29.783174060285091 24.544318929314613 46.842194497585297 18.550809696316719 14.400303184986113
leaf_count=75 402 66 97 786 69 64 138 169 1243 78 291 388 529 136 635 131 110 105 64 1369 184 1444 66 225 74 187 118 196 83 72
internal_value=-0.000122297 -0.00425562 -0.000496367 0.00427206 0.000847007 -0.00415032 0.00358246 0.00752347 0.00558766 0.0116353 -0.00711114 0.0138142 -0.00804697 -0.0114076 -0.00194902 -0.0228779 0.0255285 0.0210437 0.0164485 -0.00538553 -0.0178556 -0.0191521 -0.0214215 0.00809439 0.00364941 0.00951215 -0.00734348 -0.00101937 -0.0163171 -0.0270158
internal_weight=1735.36 894.256 701.412 841.104 574.833 407.884 455.745 335.162 313.194 266.272 371.576 247.665 245.667 190.855 105.242 85.6134 36.3087 108.212 88.2446 343.102 192.845 185.432 165.233 139.453 54.8116 43.2031 120.582 71.3865 49.1958 28.474
internal_count=9594 5571 3811 4023 2761 1975 2044 1509 1412 1262 1801 1184 1767 1431 771 660 174 557 452 1660 1760 1694 1510 627 336 262 535 314 221 141
is_linear=0
shrinkage=0.045


Tree=52
num_leaves=31
num_cat=0
split_feature=19 34 22 22 25 22 24 20 14 0 5 34 22 14 13 5 3 3 22 20 19 20 20 22 14 14 3 19 14 22
split_gain=20.2961 15.8597 15.8828 15.8809 10.4123 10.1318 10.0575 9.28255 8.51553 8.02981 6.78526 6.255 5.97851 4.99656 6.62969 4.99353 4.70226 4.59613 4.90592 4.43855 4.39814 7.86022 7.12635 4.76752 4.39128 4.50703 4.42656 4.35368 4.27232 4.20105
threshold=1.5000000000000002 0.82705802968960873 1310.629131461691 986.1666424823743 1.5000000000000002 1303.963826095365 1.0000000180025095e-35 3.6287282718287037 0.60165000000000013 1274.1350000000002 1.0000000180025095e-35 0.74657894736842112 1293.3552055485059 0.69285000000000008 5.5000000000000009 1.0000000180025095e-35 574.13125115736125 563.8626464429168 7417.740839171156 147.28503296591438 2.5000000000000004 1212.4252295709032 1013.633571487257 612.28109055182097 0.82060000000000011 0.5767000000000001 492.29821850875004 2.5000000000000004 0.77360000000000018 9790.3422286552413
decision_type=2 2 2 2 2 2 2 2 2 2 2 2 2 2 2 2 2 2 2 2 2 2 2 2 2 2 2 2 2 2
left_child=1 2 4 24 7 -5 15 9 20 -1 17 -9 -12 14 -6 -4 29 18 -10 -7 21 22 -2 -22 25 -3 -27 -14 -15 -8
right_child=8 3 6 5 13 19 16 11 10 -11 12 -13 27 28 -16 -17 -18 -19 -20 -21 23 -23 -24 -25 -26 26 -28 -29 -30 -31
leaf_value=0.028847898117422052 -0.0019727338252257618 0.035359339209958048 -0.028529936306425908 -0.028746228167058678 -0.0021273481407807393 -0.013973071208076109 0.017665082296493575 -0.013754587333163567 -0.0035051839654772626 -0.0067549705393804048 0.02744245156869848 -0.035555385431000619 -0.016297018773593991 0.023320451386165002 -0.018632767173277699 0.008945558074536954 0.035585680772226583 0.019115805543090135 0.027754239729120202 0.020152058975263159 0.035135193508698495 -0.030241322884932413 0.027666551335917666 0.0059388657834085366 0.037657417037477679 0.018175084340526622 -0.0020224177281861272 0.020046192952390397 -0.0025046331275640587 -0.011137756816713418
leaf_weight=16.790163785219193 162.78868538141251 16.202570132911205 15.630162931978703 28.983949661254883 337.73955146223307 11.372399590909483 45.756830088794231 316.18490523844957 75.843563690781593 45.094051696360111 84.926579467952251 28.71016351878643 12.157029233872892 24.767735086381435 56.772487953305244 12.034869089722633 22.701639331877232 38.838514186441898 10.717540867626665 19.868698246777058 11.407171353697775 16.919341206550598 17.259521178901196 140.47351977974176 18.738951563835144 52.934837110340595 36.770672790706158 12.562651343643664 25.770479083061218 12.390948697924612
leaf_count=90 838 72 83 140 2021 60 239 1982 416 237 462 137 63 127 297 60 119 223 60 98 57 88 92 696 97 267 181 67 130 65
internal_value=0.000273005 -0.00320782 -0.00553191 0.0088298 -0.00759879 -0.0100328 0.0106142 -0.0127943 0.00709391 0.00320979 0.0136961 -0.0156669 0.0218308 -0.002832 -0.00454368 -0.012484 0.0185738 0.00646684 0.000637961 0.00768171 0.00261909 -0.00181766 0.00100562 0.00834717 0.0179509 0.0141444 0.00996502 0.00223405 0.0103586 0.0114428
internal_weight=1729.11 1145.22 960.344 184.872 851.83 60.225 108.514 406.779 583.894 61.8842 235.046 344.895 109.646 445.05 394.512 27.665 80.8494 125.4 86.5611 31.2411 348.848 196.968 180.048 151.881 124.647 105.908 89.7055 24.7197 50.5382 58.1478
internal_count=9564 6502 5587 915 5021 298 566 2446 3062 327 1291 2119 592 2575 2318 143 423 699 476 158 1771 1018 930 753 617 520 448 130 257 304
is_linear=0
shrinkage=0.045


Tree=53
num_leaves=31
num_cat=0
split_feature=19 26 7 7 9 5 21 29 13 15 15 19 20 15 21 20 0 25 21 29 0 0 21 2 29 3 21 29 10 0
split_gain=18.5032 9.21854 31.0279 23.3422 10.2893 12.6479 10.2353 9.04443 8.07598 7.26781 8.51235 7.1495 7.83072 7.04236 6.70491 6.30668 6.20755 6.00819 6.3396 4.68467 4.45327 8.75987 5.90054 4.433 6.05959 8.05778 4.77251 3.95795 3.99923 3.90174
threshold=1.0000000180025095e-35 1.0000000180025095e-35 1.0000000180025095e-35 1.0000000180025095e-35 1.0000000180025095e-35 1.0000000180025095e-35 60.030264583333341 1.0000000180025095e-35 6.5000000000000009 1.0000000180025095e-35 33.979093620138897 2.5000000000000004 79.753180302181732 43.571773653472228 14.242423066666669 4.5990264448900469 3132.1650000000004 2.5000000000000004 70.950664066666675 1.0000000180025095e-35 2015.4000000000003 608.69000000000017 6.3385130000000007 0.51116493909216199 1.0000000180025095e-35 559.26227225222226 42.11851020000001 1.0000000180025095e-35 1.0000000180025095e-35 7087.0900000000011
decision_type=2 2 2 2 2 2 2 2 2 2 2 2 2 2 2 2 2 2 2 2 2 2 2 2 2 2 2 2 2 2
left_child=9 3 6 4 11 7 27 -6 -7 14 -11 15 -13 -8 20 -2 19 29 -19 -16 21 -1 -23 -12 26 -26 -25 -3 -29 -18
right_child=1 2 -4 -5 5 8 13 -9 -10 10 23 12 -14 -15 16 -17 17 18 -20 -21 -22 22 -24 24 25 -27 -28 28 -30 -31
leaf_value=-0.02139868285695342 0.0038932784019746485 0.003863314681121346 -0.03978232378511156 0.033018226953184973 -0.0083113963300484074 0.017887565323087353 0.005487829315835367 0.0071129536582481287 0.0014590538174736067 0.024738263553620628 -0.025693325678904897 -0.0090237632442164376 0.02225140425942243 -0.03896822985936118 -0.027847879596635854 -0.012374769809475446 -0.0046181087086457073 -0.0036989794611441812 0.038439327866396027 -0.011596463436181067 -0.0091625567001692096 0.0078212381382787646 0.051947020960460451 -0.016625971470461142 -0.0030181390190938862 0.021916764084991741 0.0011434045866951636 0.033681005842640582 0.0032139017384500432 -0.024811390217895371
leaf_weight=10.582057267427443 67.022641882300377 49.054564900696278 42.244468346238136 53.596529006958008 145.81715786457062 199.33817597478628 13.032451622188093 160.84556515514851 87.137148894369602 21.963648624718189 16.54587821662426 27.382723778486252 37.258621886372566 14.583177737891672 83.420488238334656 167.76356810331345 46.00229162722826 22.726860962808132 9.5009735375642759 66.598919451236725 46.89600969851017 15.801331609487535 9.5073667094111425 71.817155219614506 81.30231674015522 37.615185603499413 52.59233208745718 24.481780365109444 13.614181585609911 33.22415529936552
leaf_count=68 354 272 245 233 947 977 74 731 436 102 77 142 190 71 736 986 319 143 56 371 290 98 72 382 356 163 283 112 73 220
internal_value=-0.000730191 0.00277618 -0.00729071 0.00445266 0.00270233 0.00613175 0.00490952 -0.000224452 0.012913 -0.00690294 -0.00153512 -0.00408881 0.00906729 -0.0185298 -0.0112802 -0.00773404 -0.0148021 -0.00667227 0.00950664 -0.0207579 -0.000112871 0.0116396 0.0257418 -0.00384199 -0.00225705 0.0049861 -0.009165 0.0124627 0.0231538 -0.01329
internal_weight=1729.27 1103.17 157.011 946.162 892.566 593.138 114.766 306.663 286.475 626.097 281.837 299.428 64.6413 27.6156 344.26 234.786 261.474 111.454 32.2278 150.019 82.7868 35.8908 25.3087 259.873 243.327 118.918 124.409 87.1505 38.096 79.2264
internal_count=9579 5843 847 4996 4763 3091 602 1678 1413 3736 1363 1672 332 145 2373 1340 1845 738 199 1107 528 238 170 1261 1184 519 665 457 185 539
is_linear=0
shrinkage=0.045


Tree=54
num_leaves=31
num_cat=0
split_feature=19 34 15 34 15 3 20 13 31 4 33 3 15 3 33 15 26 7 7 20 21 21 3 15 15 0 0 33 34 21
split_gain=17.4443 14.3473 11.8274 9.26405 7.24536 7.13653 6.84226 6.75466 6.05284 6.84946 5.91709 7.03242 6.98331 6.12448 5.56035 5.45697 5.25207 10.1016 8.22017 5.13813 5.09422 4.45286 4.07024 3.38054 3.02931 2.66244 3.73662 2.56624 2.49721 2.35193
threshold=2.5000000000000004 0.61785714285714299 1.0000000180025095e-35 0.65119047619047632 36.562691655138899 229.7164595413889 4.7304159880324077 5.5000000000000009 1.0000000180025095e-35 1.0000000180025095e-35 1.5000000000000002 269.77501904208333 72.169708838750012 494.98372153152781 2.5000000000000004 116.91697843555556 1.0000000180025095e-35 1.0000000180025095e-35 1.0000000180025095e-35 4.102311296030094 2.9179069750000006 47.404473750000001 645.02649123791684 25.650332007500001 157.27037018861114 5124.3950000000013 2015.4000000000003 2.5000000000000004 0.71135265700483097 58.107628158333341
decision_type=2 2 2 2 2 2 2 2 2 2 2 2 2 2 2 2 2 2 2 2 2 2 2 2 2 2 2 2 2 2
left_child=1 6 25 14 23 28 16 -6 9 21 15 -12 13 -13 -4 -7 18 -18 19 -1 27 -8 -22 -5 -14 26 -3 -10 -2 -11
right_child=5 2 3 4 7 10 8 -9 20 29 11 12 24 -15 -16 -17 17 -19 -20 -21 22 -23 -24 -25 -26 -27 -28 -29 -30 -31
leaf_value=-0.0020068112268354682 -0.022766501206071016 -0.010338353478708229 0.0070030528329737976 0.0063092901698650911 0.0064159126743397856 0.010114148880774059 -0.014604034753976643 -0.0041209197339343914 -0.0019262607905828452 -0.019181504495655238 0.045279218110686567 -0.0066429733119319915 0.032839290853076894 0.017126622237213188 0.040717351201108809 -0.018484463981182732 0.0057745216693165374 -0.04265681695143541 0.036297184568637411 0.02303279815274082 -0.0040463828195252023 -0.0021427942403903239 -0.019492519051055725 0.028841409963561822 0.013950011144216821 -0.0010457939891666559 -0.03877121260254509 0.019487445364216829 0.0029088165015206339 -0.038076827120253627
leaf_weight=122.12461005151272 14.744790680706503 21.907925687730312 18.932045146822929 25.944285444915295 254.39890050888062 39.509657524526119 137.72378037124872 237.07068003714085 20.356743544340134 46.247615396976471 15.466944672167299 43.074077777564526 38.603284321725368 42.924749836325645 20.990329429507256 19.273222014307976 20.554228387773037 13.891749896109102 14.13449317216873 18.184033498167992 223.03285723179579 100.55531619489193 40.089150331914425 28.768993191421032 34.827576540410519 15.047834627330301 16.801783733069897 24.106402322649956 14.567003794014452 21.300554998219013
leaf_count=663 75 111 99 126 1300 206 941 1212 89 481 82 221 209 217 106 100 106 84 62 92 1130 702 201 145 188 71 84 108 73 229
internal_value=-0.00030501 -0.00225037 0.00277328 0.00463477 0.00308147 0.0103309 -0.00625536 0.0013352 -0.00855824 -0.0130332 0.0129557 0.0170864 0.0140862 0.00528168 0.0252911 0.000585135 0.00122885 -0.0144098 0.00478705 0.00137836 -0.00408099 -0.00937624 -0.00646464 0.018462 0.0241881 -0.0172362 -0.0233451 0.0098568 -0.0103317 -0.0256085
internal_weight=1705.16 1442.16 639.863 586.105 546.183 262.991 802.302 491.47 613.412 305.827 233.68 174.897 159.43 85.9988 39.9224 58.7829 188.889 34.446 154.443 140.309 307.585 238.279 263.122 54.7133 73.4309 53.7575 38.7097 44.4631 29.3118 67.5482
internal_count=9513 8142 3254 2988 2783 1371 4888 2512 3881 2353 1223 917 835 438 205 306 1007 190 817 755 1528 1643 1331 271 397 266 195 197 148 710
is_linear=0
shrinkage=0.045


Tree=55
num_leaves=31
num_cat=0
split_feature=20 34 22 21 21 14 22 13 3 12 14 34 29 3 28 3 15 21 8 0 29 3 32 21 21 22 5 3 3 0
split_gain=14.1968 8.92062 8.68265 9.12799 12.4712 7.06214 6.85856 5.3468 7.76675 5.77497 4.88996 4.57938 4.11203 5.31705 3.82801 5.76546 3.77161 3.69865 3.58768 5.14553 3.54788 3.53396 3.5252 3.44838 9.97946 3.38748 3.6439 2.69122 2.68462 3.7307
threshold=4.9524261710358806 0.25000000000000006 1310.629131461691 7.4167520083333347 42.11851020000001 0.67455000000000009 9790.3422286552413 4.5000000000000009 248.54488723347225 1.0000000180025095e-35 0.50265000000000015 0.93015151515151528 1.0000000180025095e-35 260.91741670694449 1.0000000180025095e-35 331.24919076722227 199.07279203125003 29.697447275000005 1.0000000180025095e-35 1071.1850000000002 1.0000000180025095e-35 646.93385552500013 0.67336835724388788 46.50932180833334 52.890636216666671 698.47929732185241 1.0000000180025095e-35 387.17055052597226 494.98372153152781 3211.8350000000005
decision_type=2 2 2 2 2 2 2 2 2 2 2 2 2 2 2 2 2 2 2 2 2 2 2 2 2 2 2 2 2 2
left_child=11 12 3 7 5 -5 28 8 -3 -9 -6 14 13 -2 15 -1 18 -17 19 -16 -8 -20 -14 27 -25 -18 -27 -15 -4 -30
right_child=1 2 6 4 10 -7 20 9 -10 -11 -12 -13 22 23 16 17 25 -19 21 -21 -22 -23 -24 24 -26 26 -28 -29 29 -31
leaf_value=-0.0077151855871212581 -0.037480026122641973 -0.014372940112558907 0.0080384409466412558 -0.016821443981528086 -0.0052959358850022276 -2.5502557128936454e-06 -0.027595038040218189 -0.01901499869990864 0.01516269505751648 0.0051512760989947618 0.0047220645948739875 0.022409460831986739 -0.015919813889276824 -0.003646140636752298 0.027602720312187447 0.012057275542374894 0.031256629333096593 0.048286639370115188 0.0016715501155752182 0.0035419586085101442 0.0042478560681319258 -0.01197430156509038 0.014453658833343883 0.043173070588976278 -0.011929126073424449 -0.0066041058190363057 0.021541962214298466 -0.024354431806131498 0.034601341511021309 0.0078469801502337837
leaf_weight=10.900876067578791 19.691386990249157 20.662944279611111 65.092430792748928 218.49954555928707 209.0601122751832 65.68394198268652 12.549378931522369 31.294736444950104 111.05292594432831 51.895060569047928 185.07087307423353 30.484009996056557 12.155479595065119 17.707275696098804 23.208638027310371 12.101781293749811 16.271500453352928 11.547356553375719 262.89025757461786 71.648056156933308 14.37265045940876 43.983007118105888 17.81484367698431 6.9897796958684912 38.952229782938957 19.083356812596321 16.56395910680294 47.876298904418945 23.11636321246624 20.097504295408726
leaf_count=58 180 106 326 1219 1202 340 71 155 566 271 943 169 65 151 125 63 82 62 1356 391 67 232 96 59 362 106 83 425 123 101
internal_value=-0.000450246 -0.00315862 -0.00161013 -0.00322095 -0.00577979 -0.0129477 0.00897534 0.00484497 0.0104559 -0.00405759 -0.000591769 0.00575572 -0.0129678 -0.0163801 0.00467215 0.0189036 0.00354908 0.0309886 0.00205598 0.00965546 -0.011052 -0.0003168 0.0020184 -0.0123547 -0.00280456 0.014845 0.00670525 -0.018902 0.0140092 0.0226176
internal_weight=1708.32 1189.64 1028.45 893.22 678.314 284.183 135.228 214.906 131.716 83.1898 394.131 518.683 161.187 131.217 488.199 34.55 453.649 23.6491 401.73 94.8567 26.922 306.873 29.9703 111.526 45.942 51.9188 35.6473 65.5836 108.306 43.2139
internal_count=9555 6828 5490 4802 3704 1559 688 1098 672 426 2145 2727 1338 1177 2558 183 2375 125 2104 516 138 1588 161 997 421 271 189 576 550 224
is_linear=0
shrinkage=0.045


Tree=56
num_leaves=31
num_cat=0
split_feature=34 14 7 26 22 21 20 21 33 33 5 20 22 22 22 3 21 0 21 23 20 22 20 14 21 24 34 20 33 29
split_gain=14.2973 9.49201 9.33726 26.701 7.99746 7.88843 9.51228 9.16928 7.08878 6.7433 6.73552 7.33017 7.17476 5.26133 5.25994 4.96766 7.89131 6.09968 4.89448 4.82256 4.66924 4.22977 4.37182 4.22785 3.89157 3.88829 6.51433 3.65829 3.53805 3.01045
threshold=0.25000000000000006 0.70085000000000008 1.0000000180025095e-35 1.0000000180025095e-35 2408.2221817334744 5.9162555416666676 110.13957020651043 42.11851020000001 2.5000000000000004 1.5000000000000002 1.0000000180025095e-35 844.06297750094336 1256.1671925713949 662.71936031465896 3520.1202160099497 514.67568671250012 46.50932180833334 1706.575 1.2689501000000003 1.0000000180025095e-35 270.34914832421299 9790.3422286552413 121.61032588774306 0.74795000000000011 0.69024050000000015 1.0000000180025095e-35 0.18333333333333338 523.73174574041104 3.5000000000000004 1.0000000180025095e-35
decision_type=2 2 2 2 2 2 2 2 2 2 2 2 2 2 2 2 2 2 2 2 2 2 2 2 2 2 2 2 2 2
left_child=2 4 15 -4 5 9 8 -8 -7 20 11 12 23 -11 -14 19 18 -18 -17 25 -2 24 -23 -3 -6 26 -1 -19 -20 -12
right_child=1 10 3 -5 21 6 7 -9 -10 13 29 -13 14 -15 -16 16 17 27 28 -21 -22 22 -24 -25 -26 -27 -28 -29 -30 -31
leaf_value=0.024577171685813567 -0.020065035844062079 0.0001235775179194292 0.042372982756657983 -0.035469839178067418 -0.0068686540348547919 0.012154281434496358 -0.013760604416952898 -0.0018802276364256621 -0.0037723292194934881 0.025006298083955655 0.010770038955311688 -0.012482214838598942 -0.031713341772912657 0.006032951072124303 0.0056704742371023178 0.012271105389665351 0.037496994771781117 0.014963171925458244 -0.035178961383482719 0.0068277124732257386 0.0040376956428753372 0.013290619907124291 -0.018024122678600981 0.019274601743641179 0.01633847324854382 -0.02956791225529045 -0.022351293299614928 -0.025859620628381555 -0.0023895298710371752 0.024122935320256653
leaf_weight=7.4656321257352856 28.54040339589119 34.024508245289326 20.611709803342819 14.249119549989699 16.351715736091137 109.75648134201765 229.87203983962536 306.67135793715715 114.98379631340504 36.930443957448006 105.61810857057571 47.180601164698601 13.079515404999258 139.75447618961334 16.065514907240868 8.158159598708151 11.112050592899324 8.4029614478349668 21.86778312176466 11.094365045428274 35.639511488378048 15.114189289510248 19.62977060675621 73.44846148788929 107.26812226325274 69.449200116097927 19.917556189000607 7.4752220809459677 9.6208814606070536 52.214033685624599
leaf_count=61 145 178 105 124 83 554 1282 1685 576 186 493 246 71 700 89 56 87 61 184 71 174 76 101 411 530 583 177 68 75 332
internal_value=0.000403751 0.00194145 -0.0105825 0.0104534 -1.57802e-06 -0.00148923 -0.00373456 -0.00698628 0.00402514 0.00559352 0.00852262 0.00264154 0.00791723 0.0101171 -0.0116019 -0.0148191 -0.00505293 0.0134225 -0.0176511 -0.0207473 -0.00682404 0.00936277 -0.00441098 0.0132687 0.0132383 -0.0239441 -0.00914179 -0.00464907 -0.0255426 0.0153115
internal_weight=1711.57 1502.14 209.425 34.8608 1160.51 1002.15 761.284 536.543 224.74 240.865 341.631 183.799 136.618 176.685 29.145 174.564 66.6371 26.9902 39.6468 107.927 64.1799 158.364 34.744 107.473 123.62 96.8324 27.3832 15.8782 31.4887 157.832
internal_count=9564 7912 1652 229 6092 5302 4097 2967 1130 1205 1820 995 749 886 160 1423 531 216 315 892 319 790 177 589 613 821 238 129 259 825
is_linear=0
shrinkage=0.045


Tree=57
num_leaves=31
num_cat=0
split_feature=19 21 26 7 7 14 5 22 21 15 29 20 21 3 29 22 21 15 33 13 3 22 21 8 34 20 13 20 22 13
split_gain=13.4205 11.2721 9.15658 23.4839 16.3741 11.6341 10.8285 9.06322 8.76997 7.57102 7.35507 7.15231 6.09209 5.97832 5.42012 6.52706 5.33885 5.0017 4.92757 4.81491 4.65066 4.31258 7.57935 4.22393 4.15898 3.86891 3.6978 2.77076 3.52277 3.29728
threshold=1.0000000180025095e-35 2.5638064166666674 1.0000000180025095e-35 1.0000000180025095e-35 1.0000000180025095e-35 0.51575000000000015 1.0000000180025095e-35 1310.629131461691 74.648398666666694 135.31299079722223 1.0000000180025095e-35 168.62671138699076 43.373110366666673 492.29821850875004 1.0000000180025095e-35 882.12363104037206 32.546506550000011 216.24018776500006 1.5000000000000002 1.5000000000000002 384.92768547027782 1288.2910973520397 6.3385130000000007 1.0000000180025095e-35 0.79505494505494523 1255.5352754645257 6.5000000000000009 4.7304159880324077 956.73807424708048 1.0000000180025095e-35
decision_type=2 2 2 2 2 2 2 2 2 2 2 2 2 2 2 2 2 2 2 2 2 2 2 2 2 2 2 2 2 2
left_child=1 24 4 8 5 21 17 9 10 14 13 -6 16 -4 18 -16 -11 -7 -3 -12 -13 22 -2 -23 27 -8 -14 -1 29 -29
right_child=2 7 3 -5 11 6 25 -9 -10 12 19 20 26 -15 15 -17 -18 -19 -20 -21 -22 23 -24 -25 -26 -27 -28 28 -30 -31
leaf_value=0.017999376380782646 0.006764019768783408 -0.0051425785319462059 -0.014135565102262292 -0.035277814702704503 0.048730895856824566 0.0041186158113259734 0.014175390481599289 0.010949587901050634 -0.030933346178777642 0.00039346385120997776 0.036143329676729029 -0.0035242683384867062 0.023708420847886328 0.014723384400669337 -2.9331821612814372e-05 -0.016362491971632982 -0.033131874993675717 -0.017690503828345926 -0.021871557529358158 0.0075926765511499968 0.02934320465204546 0.027355216957482335 -0.0081804126707941197 0.0018924233079739975 0.026777916123350693 0.038216286519697711 -0.0030780004031513274 0.0034134762831724047 0.016274991142908181 -0.024631019740200006
leaf_weight=19.505299031734467 94.301690779626369 48.945556536316872 36.046179451048374 41.448664419353008 21.091721430420876 222.40616844594479 196.67556658387184 48.493998616933823 12.266350217163561 34.986367598176003 21.354540914297104 15.059718921780584 28.220092177391052 22.948531821370125 118.17902022600174 84.315351866185665 12.254270635545252 22.548757247626781 138.08416762202978 27.215747937560081 19.087875872850418 16.448067650198936 246.3453361839056 54.795578703284264 21.252161361277103 14.05973309278488 15.909204714000223 17.554349161684513 14.116101413965223 15.06557549536228
leaf_count=97 487 393 206 247 88 1239 1026 252 65 173 95 67 142 125 603 451 62 123 1129 141 84 86 1364 275 106 73 77 112 78 73
internal_value=0.000338387 -0.00495571 0.00335266 -0.00651179 0.00508184 0.00355213 0.00849852 -0.00742971 0.00364775 -0.00930198 0.00783987 0.0286169 0.00233557 -0.00285134 -0.0120308 -0.00687718 -0.00880957 0.00204726 -0.0175442 0.0206212 0.0151602 -0.00192758 -0.00403564 0.00806832 0.00992827 0.0159523 0.0141973 0.00420456 -0.00180916 -0.0098863
internal_weight=1700.98 616.882 1084.1 161.28 922.82 867.581 455.69 529.388 119.831 480.894 107.565 55.2393 91.3699 58.9947 389.524 202.494 47.2406 244.955 187.03 48.5703 34.1476 411.891 340.647 71.2436 87.4935 210.735 44.1293 66.2413 46.736 32.6199
internal_count=9539 3748 5791 879 4912 4673 2461 3282 632 3030 567 239 454 331 2576 1054 235 1362 1522 236 151 2212 1851 361 466 1099 219 360 263 185
is_linear=0
shrinkage=0.045


Tree=58
num_leaves=31
num_cat=0
split_feature=14 29 5 0 13 34 34 0 15 34 20 21 21 21 33 32 21 0 5 26 26 21 29 0 20 14 14 2 20 32
split_gain=14.7523 10.2526 8.69259 8.12719 12.3933 6.66265 6.58036 7.0192 5.76373 6.41928 4.86969 4.74831 7.70001 11.8488 6.5992 4.60475 5.69897 4.57433 4.21053 14.7605 11.782 4.11344 5.02599 5.72501 4.75877 4.00232 5.08618 3.98481 4.20443 3.94686
threshold=0.59715000000000007 1.0000000180025095e-35 1.0000000180025095e-35 4212.3150000000014 6.5000000000000009 0.54833333333333345 0.39166666666666677 5273.9000000000005 119.77799595402779 0.76380952380952405 3.7481455612152783 2.1920424250000003 47.404473750000001 50.519681241666675 3.5000000000000004 0.68857758620689669 30.201122375000004 14944.885 1.0000000180025095e-35 1.0000000180025095e-35 1.0000000180025095e-35 1.2975150916666671 1.0000000180025095e-35 1258.1650000000002 2.2703665332754634 0.63105000000000011 0.66695000000000015 0.6394072980842852 121.61032588774306 0.63211600429645542
decision_type=2 2 2 2 2 2 2 2 2 2 2 2 2 2 2 2 2 2 2 2 2 2 2 2 2 2 2 2 2 2
left_child=1 11 15 4 18 -4 7 -5 9 10 -7 29 27 -14 -15 16 -2 -9 19 -3 -20 24 -23 -24 -17 -10 -27 -13 -29 -1
right_child=2 3 5 6 -6 8 -8 17 25 -11 -12 12 13 14 -16 21 -18 -19 20 -21 -22 22 23 -25 -26 26 -28 28 -30 -31
leaf_value=-0.018636304374550123 -0.026157704758731855 0.0093938880549828407 -0.014563325519507063 0.02308375694058434 -0.032219951927119815 0.01734865398796968 0.015091833839786893 -0.009928451059965376 0.038859430609047341 0.014566687768808559 -0.013886657876449077 -0.033527090650165639 0.03549245117888096 -0.0011931949317875534 -0.01965927392428957 -0.010404976452914841 0.0059789569825898971 0.014034269022438012 -0.012435880962875241 -0.022448042675025034 0.033256859422351952 -0.0069197800487770505 -0.016077905680787166 0.010883643655376932 0.019587897098562956 -0.0027466144486461438 0.021177247318646213 -0.0032658816815563001 -0.017924308811547867 0.0044596791461045254
leaf_weight=16.740276344120502 25.023354209959507 157.16109554469585 17.520491778850555 21.032214447855949 26.306566059589386 12.742046311497687 119.71651990711689 77.362792789936066 19.1281917989254 79.617491610348225 37.703025311231613 21.992410339415073 13.763418182730673 141.32407981902361 53.30291723459959 12.96757637709379 19.038481920957565 19.382690161466599 101.79092651605606 35.251642405986786 11.88978638499975 105.48229286074638 18.089777827262878 98.135105043649673 48.702158011496067 22.03009732067585 92.318588137626648 58.083316184580326 127.27837940305471 95.466832280158997
leaf_count=97 133 694 74 100 114 63 528 382 99 432 175 152 101 1015 377 71 110 95 544 160 62 665 82 450 268 113 492 362 1001 561
internal_value=0.000297125 -0.00281744 0.00591179 0.001368 -0.00317177 0.0117021 0.00770859 0.000139936 0.0134968 0.00667834 -0.00581299 -0.00732944 -0.00954185 -0.00340697 -0.00632518 0.000921085 -0.0124474 -0.00503312 -0.000578497 0.00347428 -0.00740859 0.00303619 0.000158026 0.00658587 0.0132158 0.0200417 0.0165843 -0.0156615 -0.0133732 0.000879785
internal_weight=1706.34 1097.85 608.499 569.894 332.4 281.06 237.494 117.778 263.539 130.063 50.4451 527.952 415.745 208.39 194.627 327.439 44.0618 96.7455 306.093 192.413 113.681 283.377 221.707 116.225 61.6697 133.477 114.349 207.354 185.362 112.207
internal_count=9572 6345 3227 2679 1574 1448 1105 577 1374 670 238 3666 3008 1493 1392 1779 243 477 1460 854 606 1536 1197 532 339 704 605 1515 1363 658
is_linear=0
shrinkage=0.045


Tree=59
num_leaves=31
num_cat=0
split_feature=19 21 34 22 25 21 21 15 0 21 0 21 15 15 3 22 25 13 14 0 3 22 0 22 21 33 0 3 3 3
split_gain=11.1785 12.6274 9.29255 8.69841 7.27905 10.1656 7.14078 6.96461 6.59722 6.04472 6.01576 5.74904 5.7196 8.59542 6.38065 5.41227 5.19108 4.36375 4.33212 4.03473 4.62743 3.97816 5.7648 4.78626 3.87426 3.13092 2.8351 2.77447 2.2545 2.86959
threshold=1.5000000000000002 2.1920424250000003 0.9031159420289856 2451.4207759931555 1.5000000000000002 42.11851020000001 44.770398166666673 120.51706894819445 4382.8400000000011 65.214083108333341 11427.710000000001 34.97592790833334 50.9880969463889 78.102482772500011 252.35421160861114 617.63229579760957 3.5000000000000004 4.5000000000000009 0.70085000000000008 3132.1650000000004 322.90521694666671 857.35165259756411 5452.7050000000008 930.45276364030315 81.915557416666687 1.5000000000000002 8192.2300000000014 265.80515529527787 559.26227225222226 360.46911826486115
decision_type=2 2 2 2 2 2 2 2 2 2 2 2 2 2 2 2 2 2 2 2 2 2 2 2 2 2 2 2 2 2
left_child=1 10 9 4 5 11 -7 8 -6 15 12 -3 17 -14 -15 -2 -4 27 -9 20 -11 22 -17 -23 -22 -5 -21 -1 29 -27
right_child=2 3 16 25 7 6 -8 18 -10 19 -12 -13 13 14 -16 21 -18 -19 -20 26 24 23 -24 -25 -26 28 -28 -29 -30 -31
leaf_value=-0.014810821698411619 0.01607257245022882 -0.015134729001705234 0.03767134771177727 -0.0058553828872960779 -0.0099837080820560347 0.026554146088948873 -0.0063635232232591302 0.00039846713164562843 0.0034250412850845447 0.0021808583790209617 0.034302122576637589 -0.037454296749899328 0.048613820051136174 0.035521909858228472 0.0017426708897006877 -0.0015383348830196346 0.0010554429123879056 -0.025437172588371151 0.018041348688720735 -0.0082465911689932284 0.03530554831051963 0.013980739126911914 -0.022612757860272531 -0.00065347519851019715 0.0061373698702522662 0.016279441060934843 0.016473929987312296 0.0059127564283756881 0.024818043843569816 -0.0058463620731864056
leaf_weight=15.485515184700487 43.263022184371948 143.42857178300619 25.288268491625786 23.226093977689743 235.26519671082497 13.370383411645888 189.01904486119747 78.780591800808907 107.78576587885618 21.651996739208698 14.942639723420141 27.908742122352123 11.237155862152575 12.817509755492209 63.39793386310339 120.39677817374468 11.256678394973276 13.205337859690188 42.921347580850124 23.567424550652504 33.588296242058277 60.119297444820404 32.686305351555347 174.06133692711592 13.232504472136496 27.906427420675755 14.217878483235834 62.51588898152113 21.492405004799366 19.445649057626724
leaf_count=80 229 889 155 118 1457 77 1164 397 611 110 78 180 58 63 327 641 64 69 224 129 170 319 166 923 72 138 75 352 113 101
internal_value=-3.75053e-05 -0.00264497 0.00507076 -0.00482083 -0.00626371 -0.0109313 -0.00406903 -0.00249492 -0.005773 0.00354981 0.00778438 -0.0189665 0.00538792 0.0135433 0.00780995 0.00116569 0.0267213 -0.00249389 0.00671701 0.0131087 0.0195459 -0.000536734 -0.0061557 0.00314692 0.0273628 0.00824549 0.00124018 0.00166313 0.0130184 0.00726024
internal_weight=1697.48 1124.15 573.33 930.55 838.48 373.727 202.389 464.753 343.051 536.785 193.602 171.337 178.659 87.4526 76.2154 430.527 36.5449 91.2067 121.702 106.258 68.4728 387.264 153.083 234.181 46.8208 92.0706 37.7853 78.0014 68.8445 47.3521
internal_count=9549 6496 3053 5469 4999 2310 1241 2689 2068 2834 1027 1069 949 448 390 2278 219 501 621 556 352 2049 807 1242 242 470 204 432 352 239
is_linear=0
shrinkage=0.045


Tree=60
num_leaves=31
num_cat=0
split_feature=19 29 4 22 14 25 0 3 34 5 26 4 26 21 20 20 21 0 0 34 19 15 28 33 0 22 24 20 21 2
split_gain=15.3795 7.56561 13.8513 8.11281 7.14819 7.2761 8.01241 6.17639 5.96292 8.0801 6.27778 9.53004 5.23517 5.19619 5.44932 7.9891 5.09967 5.04978 5.80282 5.01377 4.89402 4.84761 5.31373 4.53103 4.49648 7.1068 4.59845 4.00984 4.21004 3.90609
threshold=1.0000000180025095e-35 1.0000000180025095e-35 1.0000000180025095e-35 617.63229579760957 0.66430000000000011 1.0000000180025095e-35 6756.9950000000008 678.27753292472232 0.3083333333333334 1.0000000180025095e-35 1.0000000180025095e-35 1.0000000180025095e-35 1.0000000180025095e-35 46.119064983333338 138.98794480060187 1228.6181986924828 2.5638064166666674 7213.9550000000008 1633.6550000000002 0.8337719298245615 1.5000000000000002 76.149524023055577 1.0000000180025095e-35 2.5000000000000004 3940.9150000000004 3520.1202160099497 1.0000000180025095e-35 753.75547460305563 0.51875381666666676 0.42340792484920348
decision_type=2 2 2 2 2 2 2 2 2 2 2 2 2 2 2 2 2 2 2 2 2 2 2 2 2 2 2 2 2 2
left_child=8 2 13 -4 5 6 -3 19 9 10 11 -1 -11 21 23 -16 27 18 20 -5 -6 22 -2 -15 25 -7 -26 28 -10 -18
right_child=1 4 3 7 17 24 -8 -9 16 12 -12 -13 -14 14 15 -17 29 -19 -20 -21 -22 -23 -24 -25 26 -27 -28 -29 -30 -31
leaf_value=0.015169115973696225 0.021376834624293246 -0.021200044171294431 0.019439055740506642 -0.025327553016896362 0.026014474307161906 -0.0013726250983874828 0.015883625169151067 0.01797935036775199 0.020492241691669476 -0.029050250738301576 -0.028185987323435545 -0.01329405388082321 0.0086696408214063173 0.031832385556029644 -0.0015436266147292705 0.036115646547692976 -0.030568542676773964 0.00099628674901546649 0.029345496176078872 0.0039007677854362931 -0.0090406911924491677 0.0057872907550501444 -0.0084088762549826678 0.0073031026844095383 -0.00031599965063961209 0.026021560827586027 0.0173947411100898 0.024455007049492241 -0.0082064628788529881 -0.0040870221191887969
leaf_weight=43.087672963738441 12.302657119929789 40.566038273274899 12.250868409872053 83.937090501189232 12.728515796363356 161.48338049650192 15.637220144271849 8.099127493798731 14.182844310998915 60.842111341655254 18.646855153143406 50.81818412989378 8.0178815647959691 31.105546995997429 91.401387490332127 12.022739060223101 10.679248653352259 32.514625854790211 63.021050952374935 13.531848058104513 18.690030872821808 132.8434964120388 141.60249247401953 30.513870000839233 41.134121052920818 20.749310567975044 105.34696760028601 20.704206168651581 31.536884270608425 360.60527716577053
leaf_count=289 67 187 104 759 70 738 70 72 68 583 166 449 76 152 482 61 52 173 365 114 114 601 789 151 184 93 474 100 151 1849
internal_value=-7.76614e-05 0.00315948 -0.000409583 -0.0140835 0.00712419 0.00404891 -0.0107851 -0.0181196 -0.00572828 -0.0125661 -0.00505376 -0.000211817 -0.024597 0.00317954 0.00951459 0.00313808 -0.00287209 0.0163437 0.0215619 -0.0212713 0.0055255 -0.000487115 -0.00590528 0.0199961 0.00661024 0.00187151 0.0124529 0.00852656 0.000944307 -0.00492877
internal_weight=1700.6 1081.48 569.611 117.819 511.871 384.917 56.2033 105.568 619.121 181.413 112.553 93.9059 68.86 451.792 165.044 103.424 437.708 126.954 94.4396 97.4689 31.4185 286.749 153.905 61.6194 328.714 182.233 146.481 66.4239 45.7197 371.285
internal_count=9603 5820 3352 1049 2468 1746 257 945 3783 1563 904 738 659 2303 846 543 2220 722 549 873 184 1457 856 303 1489 831 658 319 219 1901
is_linear=0
shrinkage=0.045


Tree=61
num_leaves=31
num_cat=0
split_feature=14 21 20 22 20 22 0 21 21 25 31 16 2 34 13 32 34 0 14 21 34 34 19 21 34 0 20 14 5 20
split_gain=10.9325 9.69643 10.8869 8.10949 7.21563 6.99006 7.44336 6.9333 8.37143 6.23684 5.77983 5.86655 5.61225 6.71446 4.63003 7.33196 6.23662 5.00676 3.86333 3.84845 4.66825 3.57052 7.18043 4.46109 4.04557 3.35192 3.20546 2.94222 2.91645 2.42054
threshold=0.63555000000000017 2.9179069750000006 4.6625880818229168 3487.2499579639084 699.19209293620963 12541.356786294358 8725.5650000000023 42.11851020000001 51.95633045000001 1.5000000000000002 1.0000000180025095e-35 1.0000000180025095e-35 0.77234604248477756 0.80486111111111114 4.5000000000000009 0.65806129247168565 0.39166666666666677 1936.1650000000002 0.56905000000000017 51.95633045000001 0.86381818181818193 0.77823299888517294 1.5000000000000002 82.910703450000014 0.7154761904761906 6193.6400000000003 3.1282158236168986 0.70415000000000016 1.0000000180025095e-35 283.84800969363431
decision_type=2 2 2 2 2 2 2 2 2 2 2 2 2 2 2 2 2 2 2 2 2 2 2 2 2 2 2 2 2 2
left_child=1 14 21 7 29 6 10 9 -9 -4 12 -12 27 -14 15 -1 26 -16 -18 20 -8 23 -23 24 -3 -13 -17 -2 -19 -5
right_child=5 2 3 4 -6 -7 19 8 -10 -11 11 25 13 -15 17 16 18 28 -20 -21 -22 22 -24 -25 -26 -27 -28 -29 -30 -31
leaf_value=-0.011817630549733294 0.03516864942821428 0.0015484244870852049 -0.0215622082828269 0.0082764978295168448 0.023784756647484084 -0.027855919501764564 -0.012907945594390867 0.0083037655234988409 -0.0084585231157839388 -0.0080501716688445718 -0.015416095001060615 0.019412998027370478 0.0067882994481104899 -0.0095529882991142907 -0.02192062874335287 -0.0098452516942146694 0.027904614927544241 -0.008863344707730033 0.00088444135191080391 -0.025594811711505711 0.017517716286623509 -0.002921361787806484 0.03957507675989988 0.024683650728377894 -0.020988050958631779 0.0010286457905714125 0.0090824414973374006 0.0096272909758647798 0.016639673965542067 -0.017426900378844777
leaf_weight=30.432184271514416 13.697135798633097 166.67172680795193 131.93235737085342 11.47981593757868 29.080423228442669 11.744922302663324 25.307419188320637 74.729361966252327 298.00199049711227 148.28275936841965 11.655844688415526 134.88076110184193 138.49267662316561 79.19270796328783 23.171282291412354 22.650466479361057 52.90125597268343 16.331419445574284 13.457639165222643 18.128810353577137 15.693994067609308 16.528220847249035 14.466218508780001 14.276472114026545 16.847743235528469 23.701299607753754 77.612217538058758 27.210597828030586 18.217460840940475 17.792766906321049
leaf_count=160 73 884 891 61 147 62 137 449 1851 916 49 741 747 428 110 126 239 88 72 91 84 76 75 73 83 125 440 148 85 94
internal_value=-0.000498663 -0.0028358 -0.00494545 -0.00768932 0.00827667 0.00508424 0.00593244 -0.00912665 -0.00508461 -0.014466 0.00799725 0.0144136 0.00373395 0.000826933 0.00493749 0.00821278 0.0119199 -0.00619364 0.0225194 -0.00892617 -0.0011222 0.00358147 0.0175302 0.00131852 -0.000623036 0.016689 0.00475146 0.0188144 0.00467407 -0.00740639
internal_weight=1694.57 1194.86 940.09 711.299 58.353 499.706 487.961 652.946 372.731 280.215 428.831 170.238 258.593 217.685 254.774 197.054 166.622 57.7202 66.3589 59.1302 41.0014 228.79 30.9944 197.796 183.519 158.582 100.263 40.9077 34.5489 29.2726
internal_count=9605 6920 5600 4409 302 2685 2623 4107 2300 1807 2311 915 1396 1175 1320 1037 877 283 311 312 221 1191 151 1040 967 866 566 221 173 155
is_linear=0
shrinkage=0.045


Tree=62
num_leaves=31
num_cat=0
split_feature=14 22 0 20 25 3 25 30 21 3 22 3 12 20 22 15 15 0 29 0 20 20 33 21 0 3 3 25 20 9
split_gain=8.37785 11.3254 9.17723 6.25238 7.16581 6.34018 4.95218 4.93826 5.5577 4.43631 12.1563 5.90124 7.19036 4.40902 4.33594 4.20373 6.15949 5.56339 6.13285 4.69386 4.31678 3.8043 3.47721 3.426 3.26732 3.08535 4.84127 3.03647 2.51854 2.09325
threshold=0.63555000000000017 3463.1240503938211 1104.8300000000002 4.6625880818229168 3.5000000000000004 614.31951364319445 2.5000000000000004 1.0000000180025095e-35 13.349123341666669 370.49592092916674 842.42779749187514 502.0019319790278 1.0000000180025095e-35 1.6272422180439816 12541.356786294358 1.0000000180025095e-35 36.562691655138899 8725.5650000000023 1.0000000180025095e-35 13626.255000000003 313.22772113722812 659.74753016303828 3.5000000000000004 37.096119683333335 3849.7850000000003 494.98372153152781 398.81604035930559 3.5000000000000004 3.1282158236168986 1.0000000180025095e-35
decision_type=2 2 2 2 2 2 2 2 2 2 2 2 2 2 2 2 2 2 2 2 2 2 2 2 2 2 2 2 2 2
left_child=1 3 -3 9 7 21 25 8 -5 10 13 28 -13 -1 15 20 23 18 -18 -19 -2 -6 -12 -17 -9 26 -4 -8 -11 -27
right_child=14 2 6 4 5 -7 27 24 -10 11 22 12 -14 -15 -16 16 17 19 -20 -21 -22 -23 -24 -25 -26 29 -28 -29 -30 -31
leaf_value=0.0044994609251479281 0.0086128938752751839 -0.011636840822973542 0.027691402314051358 -0.00046208598815667903 -0.0010353931681657746 -0.018653041472120428 -0.01027370335350042 -0.041837332660631305 -0.0097845699921240807 -0.019770161100250306 -0.013902347762626515 -0.0035690093319971504 0.022422928875645513 0.032219337295114711 -0.020689395627973711 0.01081961028326464 0.0015540397470620371 -0.022181505307977273 0.013506283676764624 0.004670557116845794 -0.024472316501828458 0.017129434951576306 0.011384139548360036 0.038732990553129107 -0.008771833954599198 0.021045659274706505 -0.0065576099971569367 0.015537029879418835 0.0002464735794617295 0.050285925038328592
leaf_weight=17.345018558204174 13.010973721742632 29.166293099522591 22.292795978486538 178.16346404701471 41.784017220139503 19.317772917449474 16.564172901213169 13.290717966854574 474.06614979356527 43.124269045889378 37.338070340454578 79.954792819917202 28.403546206653118 36.588352628052235 12.782431580126284 21.40348781645298 214.34378419816494 26.379913799464703 145.59709794074297 24.865485057234764 18.140282295644283 51.604932487010956 14.587007500231264 15.756856858730314 11.646661303937433 12.004844509065151 12.527889624238012 18.526770159602165 17.855394631624222 12.017594955861568
leaf_count=95 60 156 115 1002 238 115 85 104 2973 229 194 415 139 187 66 115 1167 142 804 129 89 281 77 83 91 65 64 94 94 61
internal_value=-0.000700702 -0.0027455 0.0101248 -0.00424115 -0.00627423 0.00420209 0.0169332 -0.00802152 -0.00724264 0.00159582 0.00877862 -0.00291956 0.0033869 0.0235488 0.00423019 0.00493617 0.00605224 0.00443516 0.00641278 -0.00931224 -0.0108155 0.00907728 -0.00671788 0.0233604 -0.0273281 0.0248081 0.0155301 0.00340636 -0.0139997 0.0370986
internal_weight=1680.45 1188.17 123.1 1065.07 789.874 112.707 93.9341 677.167 652.23 275.196 105.858 169.338 108.358 53.9334 492.28 479.498 448.347 411.186 359.941 51.2454 31.1513 93.3889 51.9251 37.1603 24.9374 58.8431 34.8207 35.0909 60.9797 24.0224
internal_count=9529 6874 640 6234 4804 634 484 4170 3975 1430 553 877 554 282 2655 2589 2440 2242 1971 271 149 519 271 198 195 305 179 179 323 126
is_linear=0
shrinkage=0.045


Tree=63
num_leaves=31
num_cat=0
split_feature=29 19 12 11 30 9 5 15 0 2 15 25 22 0 22 20 5 13 20 3 0 15 0 3 34 27 17 15 20 34
split_gain=10.5576 8.86433 7.00226 7.0699 9.7151 7.18761 10.1602 5.58065 7.24562 8.558 5.39043 5.00925 7.84144 6.24619 5.23246 4.98369 4.82923 4.81511 4.58857 4.38576 4.34818 4.15312 4.07893 4.04108 3.59419 3.49008 3.30121 4.62243 2.99502 2.86153
threshold=1.0000000180025095e-35 2.5000000000000004 1.0000000180025095e-35 1.0000000180025095e-35 1.0000000180025095e-35 1.0000000180025095e-35 1.0000000180025095e-35 53.861291821388896 4071.5000000000005 0.61071942649842159 24.116521315694445 1.5000000000000002 607.35575939475154 14342.345000000001 898.36480461127042 2.7317677592476852 1.0000000180025095e-35 3.5000000000000004 160.1265273204167 690.98219557013908 12633.265000000001 177.00524320847225 1141.3150000000003 507.45699445513895 0.76978260869565229 1.0000000180025095e-35 0.86335403726708082 34.838060394722227 787.33866414079296 0.3083333333333334
decision_type=2 2 2 2 2 2 2 2 2 2 2 2 2 2 2 2 2 2 2 2 2 2 2 2 2 2 2 2 2 2
left_child=2 11 3 4 5 19 -7 10 9 -9 22 13 23 21 -15 -14 -5 -11 -18 -1 -17 25 -4 -13 28 -2 -12 -28 -10 -3
right_child=1 29 7 16 -6 6 -8 8 24 17 26 12 15 14 -16 20 18 -19 -20 -21 -22 -23 -24 -25 -26 -27 27 -29 -30 -31
leaf_value=-0.0079724075514060171 0.0058556219969649473 -0.0026157691734436084 -0.023694003937841296 -0.030949799813726978 -0.028705127003172022 -0.0082592715869241138 0.01801191440367101 0.029041671252431338 -0.015209954546431132 0.011540370707407779 0.038546217990142198 0.010660171452511443 0.014150963462741681 -0.0026436795893994441 0.037156807069115831 0.0022401431046073844 0.0078487877779723058 -0.0052996735234733337 -0.018844202903371406 0.015676520603084831 -0.014857585725724539 0.009772577294342397 0.008877611980829982 0.04181905794346974 -0.0037611204266825285 -0.0093751488172703189 0.033029809587053788 -0.0031388752498765159 -0.045943972766667202 0.017804107949740064
leaf_weight=267.04139208048582 35.148803308606148 15.890832006931303 10.470220528542994 35.996038883924484 30.35753720998764 52.224225424230099 67.083252444863319 20.473441772162914 20.315588109195236 45.137137040495872 15.235049590468405 19.936928577721119 63.479404956102371 12.793535530567171 12.738852068781851 280.32564441114664 19.196724280714989 134.01654345542192 36.865849420428276 15.967308960855005 32.732213988900185 32.834293194115162 23.260126702487469 14.923454590141771 27.276011608541012 201.90656916797161 11.42804876714945 16.499130986630917 9.7156517505645734 97.985250636935234
leaf_count=2185 180 67 59 276 236 328 302 108 124 242 81 97 313 61 60 1353 81 721 164 128 154 153 129 72 159 1006 60 92 61 506
internal_value=-0.000285073 0.00336232 -0.00377146 -0.00700814 -0.00457568 -0.00268829 0.00653921 0.0013219 -0.00187008 0.00219572 0.0118749 0.00147586 0.00468133 -0.00298875 0.0178659 0.0027586 -0.0182686 -0.00101638 -0.00972672 -0.00658764 0.000410849 -0.00502034 -0.00162404 0.0247932 -0.0158278 -0.00710173 0.0222219 0.0122918 -0.0263131 0.0149567
internal_weight=1679.26 820.696 858.559 524.732 432.674 402.316 119.307 333.827 256.934 199.627 76.8926 706.82 411.398 295.422 25.5324 376.537 92.0586 179.154 56.0626 283.009 313.058 269.89 33.7303 34.8604 57.3073 237.055 43.1622 27.9272 30.0312 113.876
internal_count=9558 4022 5536 3700 3179 2943 630 1836 1415 1071 421 3449 1989 1460 121 1820 521 963 245 2313 1507 1339 188 169 344 1186 233 152 185 573
is_linear=0
shrinkage=0.045


Tree=64
num_leaves=31
num_cat=0
split_feature=20 2 21 21 21 2 32 25 29 4 21 13 25 22 29 22 22 17 25 3 21 22 33 5 13 21 22 26 8 3
split_gain=10.7869 7.48681 6.79019 10.7781 8.69308 7.29648 7.04583 6.71721 5.81902 13.7048 7.44449 5.49258 5.34652 5.50045 5.30147 7.65296 5.02546 4.76125 9.99028 4.73395 4.72531 6.88745 4.671 4.50223 6.90887 4.5923 4.57062 4.28274 3.31757 3.27381
threshold=110.13957020651043 0.44840001730069867 2.9179069750000006 43.015260766666678 51.95633045000001 0.73717703000137391 0.3686765457332653 3.5000000000000004 1.0000000180025095e-35 1.0000000180025095e-35 30.201122375000004 4.5000000000000009 1.5000000000000002 1281.6394175317428 1.0000000180025095e-35 607.35575939475154 630.71322577322337 0.63818181818181829 3.5000000000000004 494.98372153152781 0.39543997500000005 692.17965947203231 1.5000000000000002 1.0000000180025095e-35 2.5000000000000004 0.99814773333333351 674.50047580822525 1.0000000180025095e-35 1.0000000180025095e-35 244.77975830097225
decision_type=2 2 2 2 2 2 2 2 2 2 2 2 2 2 2 2 2 2 2 2 2 2 2 2 2 2 2 2 2 2
left_child=1 -1 20 12 5 -5 -6 -8 9 11 17 27 13 -4 -14 -16 -11 22 -19 -7 21 -2 -10 24 25 -22 -26 -3 -13 -12
right_child=2 8 3 4 6 19 7 -9 10 16 29 28 14 -15 15 -17 -18 18 -20 -21 23 -23 -24 -25 26 -27 -28 -29 -30 -31
leaf_value=0.031722089689933015 -0.03452252652021421 0.0029394493743887399 -0.018915326887007523 -0.018272451396680326 0.02888952666678624 0.007865456580239457 -0.0062752607968195179 0.010502599051941062 -0.025114372655790394 0.012929597169134503 -0.001451132138499155 0.029432004473011218 -0.012092369089234972 0.0047182372043600351 0.034305697399610417 -0.0024854797142757653 -0.023916461354052915 0.02082347854328952 -0.025652919340733219 0.030348118158468454 -0.0010217361763381675 0.0025374254341741253 0.00045833582358254232 0.015965241778964096 0.012488389917464197 0.025978646177046542 -0.019243268396791715 -0.017112584299880329 0.0085946051432953322 0.019119524936246832
leaf_weight=19.583103135228157 13.003493323922156 115.14518500119448 148.4039244055748 12.408430971205233 12.823809839785097 44.198331624269485 327.90477348864079 55.714411824941635 18.674223966896534 8.0415678024291974 17.960548765957355 19.516152441501617 113.41417743265629 22.606042444705963 11.870481446385382 102.81319395452738 53.59721652418375 43.279326766729355 10.968779571354387 33.564116135239601 24.693420387804508 36.513572558760643 54.483319252729416 77.337372176349163 11.66067326068878 25.226751014590263 34.199453301727772 25.490315087139606 69.356956943869591 114.8459344804287
leaf_count=104 71 600 968 74 82 261 1978 306 88 67 85 92 777 133 56 501 474 237 61 192 130 192 247 400 62 135 195 159 313 560
internal_value=4.07776e-05 0.00506069 -0.00254734 -0.00431271 0.000185609 0.0127174 -0.00268957 -0.00381758 0.00405801 -0.000315805 0.00893429 0.00475734 -0.00978406 -0.0157819 -0.00523808 0.00158627 -0.0189797 0.00113967 0.0111319 0.0178316 0.00446384 -0.00768548 -0.00632 0.00796311 0.00140362 0.0128649 -0.0110807 -0.000790161 0.013447 0.0163475
internal_weight=1679.3 570.943 1108.36 885.722 486.614 90.1709 396.443 383.619 551.36 291.147 260.212 229.509 399.108 171.01 228.098 114.684 61.6388 127.406 54.2481 77.7624 222.635 49.5171 73.1575 173.118 95.7803 49.9202 45.8601 140.636 88.8731 132.806
internal_count=9600 3087 6513 5328 2893 527 2366 2284 2983 1705 1278 1164 2435 1101 1334 557 541 633 298 453 1185 263 335 922 522 265 257 759 405 645
is_linear=0
shrinkage=0.045


Tree=65
num_leaves=31
num_cat=0
split_feature=34 5 25 14 20 3 34 21 33 0 15 19 29 20 19 20 24 34 15 13 0 15 20 0 21 21 3 19 14 24
split_gain=9.01095 6.0299 5.91852 6.51462 5.82434 6.70136 5.63909 5.63027 7.48367 5.85556 5.57061 6.2341 4.59484 4.89649 4.5622 6.15265 4.74515 4.28146 10.4188 5.18525 4.16322 5.2764 3.99258 5.84349 3.74273 5.72727 3.32739 3.31004 3.92738 3.01327
threshold=0.70505050505050504 1.0000000180025095e-35 3.5000000000000004 0.51365000000000005 4.7304159880324077 690.98219557013908 0.6769298245614036 47.404473750000001 2.5000000000000004 2805.2400000000002 221.12183225236114 1.5000000000000002 1.0000000180025095e-35 1137.4952686490917 2.5000000000000004 212.05129417083916 1.0000000180025095e-35 0.61966873706004155 76.149524023055577 4.5000000000000009 5273.9000000000005 90.986726188611115 2.3272456094791671 8961.4850000000024 14.242423066666669 0.82645804166666681 418.8227069025001 1.5000000000000002 0.69745000000000013 1.0000000180025095e-35
decision_type=2 2 2 2 2 2 2 2 2 2 2 2 2 2 2 2 2 2 2 2 2 2 2 2 2 2 2 2 2 2
left_child=4 2 3 -2 5 7 14 24 -9 -10 11 -5 -3 27 17 -16 -17 19 -19 -6 21 -8 -4 26 25 -1 -24 28 -14 -26
right_child=1 12 22 10 6 -7 20 8 9 -11 -12 -13 13 -15 15 16 -18 18 -20 -21 -22 -23 23 -25 29 -27 -28 -29 -30 -31
leaf_value=-0.011223577542965529 -0.018311711675564928 0.0043824633911452573 -0.031968369552929081 0.0018245754793652031 -0.0044953140169439292 0.03196098180268804 -0.042532544632403926 0.022489603180224943 0.010697749877075589 -0.02035396772127547 -0.019243076601150589 0.017528739793214957 0.0050816983631550147 -0.0078839391105483322 -0.021584922617448158 -0.0065964180558049377 0.018502863075822454 -0.017329624359095037 0.020730789933608492 -0.018820398852924216 0.0035183844033920748 -0.010391303627881267 0.013588746071446551 -0.032934209901489521 -0.025459724280446436 0.010298700511372504 -0.0091068720129144753 0.031434882521087705 0.029004314689088338 -0.005287104556480406
leaf_weight=39.466660305857658 23.691338784992695 148.3719120323658 13.392520062625406 132.37042289227247 536.59242889285088 14.294050708413122 18.317591704428196 47.859175778925419 28.229341797530651 20.247300162911415 15.511601381003855 82.739708989858627 40.096062794327736 13.913868367671965 12.646895803511141 20.794927671551704 52.127085387706757 22.289286628365517 38.09050090610981 55.755734495818615 13.428210958838461 24.171934075653553 23.03036530315876 11.624635905027388 20.176441855728626 64.734831914305687 27.723681941628456 33.815905004739761 20.728306420147419 54.00910534709692
leaf_count=203 115 701 72 691 3567 74 96 248 151 106 83 459 198 77 63 105 265 118 193 308 71 121 123 61 110 336 149 247 132 291
internal_value=-6.23504e-05 0.00442325 0.000393837 0.00368693 -0.00249496 0.00296767 -0.00448407 0.00134868 0.0100584 -0.00242091 0.00601611 0.00791817 0.00957842 0.0165754 -0.00342672 0.00629172 0.011353 -0.00470843 0.0066273 -0.00587313 -0.018139 -0.024907 -0.0105629 -0.00553534 -0.00338476 0.00211787 0.00125516 0.0202162 0.0135715 -0.0110392
internal_weight=1670.24 587.01 330.084 254.313 1083.23 289.017 794.215 274.723 96.3358 48.4766 230.622 215.11 256.926 108.554 738.297 85.5689 72.922 652.728 60.3798 592.348 55.9177 42.4895 75.7712 62.3787 178.387 104.201 50.754 94.6403 60.8244 74.1855
internal_count=9534 3108 1753 1348 6426 1519 4907 1445 505 257 1233 1150 1355 654 4619 433 370 4186 311 3875 288 217 405 333 940 539 272 577 330 401
is_linear=0
shrinkage=0.045


Tree=66
num_leaves=31
num_cat=0
split_feature=19 20 26 22 20 15 32 21 2 20 3 20 20 20 20 22 0 20 34 15 8 14 13 13 20 3 25 21 3 33
split_gain=8.29606 7.24037 6.74051 7.15796 7.06923 6.84475 6.34169 9.79484 5.44869 6.11474 5.59123 5.40721 5.35646 5.29719 5.05854 5.03326 5.01184 4.64612 4.39575 4.97334 4.19714 3.72152 6.90605 7.37901 6.73088 4.81051 4.16076 3.96616 3.48746 3.98379
threshold=1.0000000180025095e-35 261.53912624958338 1.0000000180025095e-35 664.16414262437172 1098.8023364450003 53.861291821388896 0.7829721362229104 54.124855800000006 0.43282594968267435 404.6144647648901 368.38375540055557 2.4535051001504633 866.08299198105908 595.06460834968186 219.55908469855905 1303.963826095365 1258.1650000000002 4.102311296030094 0.66785714285714304 77.082193917361124 1.0000000180025095e-35 0.73425000000000007 6.5000000000000009 8.5000000000000018 537.759862782205 504.31443700750009 3.5000000000000004 1.2375439166666669 286.37651256625003 3.5000000000000004
decision_type=2 2 2 2 2 2 2 2 2 2 2 2 2 2 2 2 2 2 2 2 2 2 2 2 2 2 2 2 2 2
left_child=1 14 6 5 12 -4 7 11 -3 10 -10 -2 13 -5 18 16 -11 -13 28 -20 -21 22 27 -24 26 -26 -23 -8 -1 -30
right_child=2 8 3 4 -6 -7 21 -9 9 15 -12 17 -14 -15 -16 -17 -18 -19 19 20 -22 24 23 -25 25 -27 -28 -29 29 -31
leaf_value=-0.01991281232602158 0.0088259481053472606 -0.035915884271714792 -0.0066899934070390292 -0.016054770820134543 0.014278798640600535 0.036097490884979398 0.013002008042200572 0.013014516673087159 -0.002971884430842754 -0.016539748305324273 -0.034284655788922036 -0.043282406382498279 -0.04067727449430094 0.013556017965404317 0.024579323643186039 0.011330041896186908 -0.0033698226353086956 -0.013544455098640598 0.023866431596556128 0.020869905518504494 -0.0074940416671075288 0.025056756871403487 -0.017723679179396348 0.0084744032516270995 -0.011167728184214597 0.01528299132134864 0.0021982585533005545 0.0034782878774293198 0.0046320043929754858 -0.017658906644856979
leaf_weight=25.791652418673038 16.61218087375164 12.843344725668429 15.902125805616381 78.359352827072144 17.761001229286194 13.015632309019564 110.59787920117378 38.302661791443825 19.269283607602119 78.034619897603989 28.602248445153236 12.483414761722086 14.223136484622954 13.674908913671969 17.73712881654501 33.717960849404335 228.31110771000385 60.191290766000748 25.845783390104771 13.37922891974449 38.820565655827522 64.359474055469036 56.831056997179985 34.14809462428093 33.812782324850559 22.20482325553894 21.678230114281178 435.43473370373249 61.2102155610919 20.974142342805862
leaf_count=151 87 82 99 435 98 69 573 213 121 538 194 66 82 75 101 177 1493 324 125 68 187 383 301 182 186 129 126 2341 388 132
internal_value=-0.000404264 -0.00460645 0.00199532 -0.00671486 -0.0114104 0.0131311 0.00347035 -0.00579711 -0.00811126 -0.00710076 -0.0219993 -0.0139218 -0.0157975 -0.0115566 0.00229322 -0.0049451 -0.00676746 -0.0191707 4.81802e-05 0.00812682 3.15071e-05 0.00499358 0.00351392 -0.00790527 0.0115578 -0.000598773 0.0193887 0.00542754 -0.00581209 -0.00120072
internal_weight=1664.13 604.537 1059.59 152.936 124.018 28.9178 906.657 127.59 400.779 387.935 47.8715 89.2869 106.257 92.0343 203.759 340.064 306.346 72.6747 186.022 78.0456 52.1998 779.067 637.012 90.9792 142.055 56.0176 86.0377 546.033 107.976 82.1844
internal_count=9526 3757 5769 858 690 168 4911 690 2605 2523 315 477 592 510 1152 2208 2031 390 1051 380 255 4221 3397 483 824 315 509 2914 671 520
is_linear=0
shrinkage=0.045


Tree=67
num_leaves=31
num_cat=0
split_feature=19 20 32 34 3 29 15 32 0 33 14 0 29 28 7 5 9 13 15 26 3 14 32 15 8 0 15 0 0 26
split_gain=7.527 5.01972 5.1327 4.83784 4.52028 5.69865 5.11848 4.60308 3.9352 6.05643 5.54623 4.35866 3.62787 3.52352 3.91728 3.30227 12.9228 7.25336 6.40097 4.61847 5.90999 4.56156 3.69815 3.55051 3.35037 3.29445 4.38484 2.95189 2.74941 2.50631
threshold=1.0000000180025095e-35 3.6801711295138895 0.66046390860308124 0.25000000000000006 563.8626464429168 1.0000000180025095e-35 130.72841690972226 0.3686765457332653 1104.8300000000002 2.5000000000000004 0.60575000000000012 620.20500000000004 1.0000000180025095e-35 1.0000000180025095e-35 1.0000000180025095e-35 1.0000000180025095e-35 1.0000000180025095e-35 1.5000000000000002 216.24018776500006 1.0000000180025095e-35 629.60952983069444 0.46965000000000007 0.94210526315789489 41.947159007083343 1.0000000180025095e-35 14342.345000000001 222.89995541305561 8400.8100000000031 3354.5150000000008 1.0000000180025095e-35
decision_type=2 2 2 2 2 2 2 2 2 2 2 2 2 2 2 2 2 2 2 2 2 2 2 2 2 2 2 2 2 2
left_child=1 8 4 13 6 -6 7 -3 11 12 28 -1 -10 -2 29 18 22 -18 19 23 -21 -19 -17 -5 -24 26 27 -4 -11 -15
right_child=3 2 25 15 5 -7 -8 -9 9 10 -12 -13 -14 14 -16 16 17 21 -20 20 -22 -23 24 -25 -26 -27 -28 -29 -30 -31
leaf_value=0.0019790446467710505 0.010507542480421834 -0.0026824433849929065 -0.0042399749579100955 0.0084040051573075585 -0.023501110923817792 0.02064167968665357 0.0060270142649235456 -0.038769436136870873 -0.002145250523792806 -0.043219587247801672 0.0093600488469262801 0.040312970326772661 0.025109809503136817 -0.017278659587329274 0.0079241482485716466 -0.03103676580034035 0.033031173947570443 -0.0075473492110471139 -0.018525517469603344 -0.012420635853999376 0.022203249910428845 0.01086014254303962 0.0083324367653770555 0.0002075748042264255 -0.010725640393474487 0.011593650050065372 0.022979630731346786 -0.017906274940153257 -0.010256524807081507 0.0082659739088883598
leaf_weight=12.053149886429312 20.250052407383919 9.4004423394799179 369.23296229541302 214.58573041856289 9.921013206243515 11.938486985862255 9.068917438387869 31.243319593369964 18.189260192215443 9.9081583395600337 13.168555624783037 11.19185911118984 20.300307556986809 66.942461535334587 19.377301573753357 11.235575020313261 26.926976673305035 29.843030974268913 30.16175651550293 67.880094736814499 10.738027781248091 252.20934468507767 27.080493457615376 212.62091366201639 55.272754333913326 25.886380173265934 10.328859455883501 34.223549738526344 11.22398719191551 8.1867393106222135
leaf_count=66 122 67 2382 1049 84 59 48 228 110 57 67 60 93 491 117 58 120 131 173 365 56 1328 154 1206 305 141 56 209 63 66
internal_value=0.000224117 -0.00376227 -0.00553508 0.00252383 -0.0166297 0.00045566 -0.0240032 -0.0306878 0.00563507 0.000399477 -0.01315 0.0213373 0.0125016 -0.00616171 -0.00980608 0.00359123 0.00666612 0.0110961 0.00127364 0.00248846 -0.00747207 0.00889272 -0.00792203 0.00433465 -0.00443393 -0.0036954 -0.00467752 -0.00544064 -0.0269663 -0.0144231
internal_weight=1660.59 607.279 511.244 1053.31 71.5722 21.8595 49.7127 40.6438 96.0353 72.7903 34.3007 23.245 38.4896 114.757 94.5065 938.555 402.568 308.979 535.987 505.825 78.6181 282.052 93.5888 427.207 82.3532 439.672 413.785 403.457 21.1321 75.1292
internal_count=9531 3790 3274 5741 486 143 343 295 516 390 187 126 203 796 674 4945 2096 1579 2849 2676 421 1459 517 2255 459 2788 2647 2591 120 557
is_linear=0
shrinkage=0.045


Tree=68
num_leaves=31
num_cat=0
split_feature=34 5 22 23 0 0 22 30 32 28 34 15 25 20 20 2 7 22 22 0 20 0 3 25 13 3 0 0 2 20
split_gain=7.05868 9.04002 7.33621 6.29837 5.88952 6.09945 5.61968 5.2621 4.82598 6.12869 4.75313 5.28966 4.72464 5.73276 5.65598 13.6246 6.67033 4.22715 5.04453 3.97327 4.51386 3.76615 5.88461 3.35944 3.32104 2.90783 2.78316 2.76601 2.58172 0.98196
threshold=0.28333333333333338 1.0000000180025095e-35 719.65250760114498 1.0000000180025095e-35 832.68000000000018 1125.0200000000002 1087.5150221937095 1.0000000180025095e-35 0.94210526315789489 1.0000000180025095e-35 0.9085714285714287 205.47167874055557 4.5000000000000009 659.74753016303828 261.53912624958338 0.54226623510262595 1.0000000180025095e-35 599.46019123200767 678.23997757770542 1376.2350000000004 503.45981626993643 1858.6400000000001 336.36220132486113 1.5000000000000002 6.5000000000000009 555.12545053597239 4489.0700000000006 1243.5300000000002 0.97484009249427561 437.81652294428824
decision_type=2 2 2 2 2 2 2 2 2 2 2 2 2 2 2 2 2 2 2 2 2 2 2 2 2 2 2 2 2 2
left_child=1 2 17 8 29 -6 -7 10 -3 -10 12 21 14 24 16 -16 -2 -1 25 -9 26 -12 -23 -20 -14 -19 -21 -15 -11 -4
right_child=7 3 4 -5 5 6 -8 19 9 28 11 -13 13 27 15 -17 -18 18 23 20 -22 22 -24 -25 -26 -27 -28 -29 -30 -31
leaf_value=-0.010125859638146408 0.0055780915004840156 -0.042321675226060319 -0.036050506691845681 0.014129746912201131 0.029330830749096908 -0.014872733122619147 0.010162518485010433 -0.036282468676829785 0.014519722535642274 -0.03858849744159909 0.00028506551203420305 -0.012098969648246671 0.0077488847181607498 0.0041622619865397392 -0.024353983094727631 -0.00029222546770513164 -0.016452476787602088 0.019640828110857222 0.016649675678824333 0.022322443352676545 -0.022866856979620761 0.042619472523316319 0.011372946071721802 -0.013187011488199379 -0.016665313317619085 0.055127047361146028 -0.0089682865979697681 0.031722578761549408 -0.01570546253749832 -0.015676643944358505
leaf_weight=13.808067366480826 454.30604369193316 16.894132763147354 11.585281934589149 10.864442877471445 10.179221123456953 51.03445040807128 27.029790870845318 10.394224829971789 10.834092296659945 12.98171544075012 19.833053022623062 14.434481814503668 48.342822924256325 10.457927808165548 50.6273522824049 619.45061834156513 28.684292428195477 15.581487432122232 17.972236730158333 11.252943299710752 16.310836173593998 19.107652425765991 33.828011110424995 11.864303432404993 13.640835635364054 7.2108223661780348 10.069845765829085 27.04664334654808 47.026515752077103 12.175671294331549
leaf_count=103 2344 156 79 68 71 414 197 58 86 125 108 80 255 52 276 3276 137 123 132 62 101 103 193 83 75 56 63 143 445 95
internal_value=0.000220482 -0.00632438 -0.000260773 -0.0171851 -0.00726876 -0.00180568 -0.00618537 0.00153064 -0.0211784 -0.0156173 0.00205909 0.0121568 0.00134695 0.0107053 0.000530918 -0.00214378 0.00423843 0.0114864 0.0172398 -0.0129522 -0.0057361 0.017067 0.0232328 0.00474242 0.00219672 0.0327128 0.00780539 0.0243452 -0.0212072 -0.0266652
internal_weight=1664.83 277.042 178.441 98.6009 112.004 88.2435 78.0642 1387.79 87.7365 70.8423 1339.76 87.2032 1252.56 99.4882 1153.07 670.078 482.99 66.4369 52.6288 48.0279 37.6336 72.7687 52.9357 29.8365 61.9837 22.7923 21.3228 37.5046 60.0082 23.761
internal_count=9559 2233 1353 880 856 682 611 7326 812 656 7042 484 6558 525 6033 3552 2481 497 394 284 226 404 296 215 330 179 125 195 570 174
is_linear=0
shrinkage=0.045


Tree=69
num_leaves=30
num_cat=0
split_feature=19 30 34 14 15 33 2 21 0 15 34 14 22 21 25 15 0 2 34 21 21 33 20 22 22 22 34 20 20
split_gain=8.24988 6.82772 5.97009 5.94357 5.38388 4.40239 4.92606 4.33798 4.47563 4.5465 3.96045 4.01907 3.92677 3.79929 3.47689 5.43197 5.48763 4.52068 4.37109 4.11812 3.26279 4.68051 4.72779 3.2119 5.38399 2.50515 2.47397 1.08239 1.02368
threshold=1.0000000180025095e-35 1.0000000180025095e-35 0.28333333333333338 0.72705000000000009 22.293950980694447 1.5000000000000002 0.44682926309561566 0.51875381666666676 565.75500000000011 157.27037018861114 0.86261904761904773 0.65525000000000011 8311.6134205833896 1.2975150916666671 3.5000000000000004 141.05826869666672 4382.8400000000011 0.54515052117556062 0.66785714285714304 0.51875381666666676 72.506580183333341 1.5000000000000002 4.6625880818229168 900.53136531894586 699.86840998295099 702.52226278579235 0.74880952380952392 503.45981626993643 629.4661908434897
decision_type=2 2 2 2 2 2 2 2 2 2 2 2 2 2 2 2 2 2 2 2 2 2 2 2 2 2 2 2 2
left_child=2 3 20 5 -3 10 27 -5 -9 -10 11 -2 14 -8 17 16 -16 18 -4 -19 21 23 -23 24 -1 -24 -6 -7 -22
right_child=1 4 12 7 26 6 13 8 9 -11 -12 -13 -14 -15 15 -17 -18 19 -20 -21 28 22 25 -25 -26 -27 -28 -29 -30
leaf_value=0.01855774462061726 -0.0042354940731499048 -0.037091973981883887 -0.0051293419948468767 -0.011447057650365232 0.0099179997215780111 0.01286724928604282 0.0094257659001358522 0.036759414231459044 0.016145653249241301 0.00023475815764456039 -0.023833167624040957 0.017749205293286763 0.019023218357837865 0.00088837505155411726 -0.011631456913039989 0.027655247724528889 0.016184278626117383 0.018399890779299592 -0.03890349920434813 -0.0038580001386426944 -0.041625182566460424 0.010680983806312775 -0.0060797243412375624 0.024322680977187608 -0.033794911756531675 -0.026780039666125011 -0.015962038288118929 0.033488943935896888 -0.018051690975828243
leaf_weight=7.2833952307701129 164.39879101514816 13.649302959442137 17.652294129133228 15.698829837143419 13.814566493034365 12.776490628719332 135.22057298570871 13.542830303311346 100.48325499892235 56.725300535559654 17.580595105886459 17.75761104375124 16.754535980522633 470.02078546583652 34.780875459313393 17.293110206723213 22.994247533380985 16.702498719096184 13.364426232874392 348.24401357769966 8.2471304833889025 11.050014317035673 17.653480142354965 10.843343600630758 6.7178697325289249 39.964557114988565 14.171190999448298 10.898973546922205 11.087231837213038
leaf_count=72 885 98 107 93 76 66 703 73 578 328 98 100 78 2527 207 89 123 82 64 1880 82 83 186 105 68 416 79 61 111
internal_value=0.000277606 0.00267043 -0.00392972 0.00340834 -0.0149784 0.00176909 0.00361663 0.0106455 0.0127315 0.0104423 -0.00403736 -0.0020071 -0.00176021 0.00280817 -0.00253821 0.00628444 -0.00047391 -0.00422246 -0.0204425 -0.00279183 -0.0132097 -0.00953075 -0.015527 0.00700178 -0.00713964 -0.0206496 -0.00328548 0.0233329 -0.0296596
internal_weight=1657.37 1056.74 600.633 1015.1 41.6351 828.654 628.917 186.45 170.751 157.209 199.737 182.156 487.786 605.241 471.031 75.0682 57.7751 395.963 31.0167 364.947 112.847 93.5127 68.6681 24.8446 14.0013 57.618 27.9858 23.6755 19.3344
internal_count=9518 5765 3753 5512 253 4440 3357 1072 979 906 1083 985 2630 3230 2552 419 330 2133 171 1962 1123 930 685 245 140 602 155 127 193
is_linear=0
shrinkage=0.045


Tree=70
num_leaves=31
num_cat=0
split_feature=19 15 17 22 21 32 32 1 3 22 14 20 15 34 15 15 33 21 22 26 7 7 20 1 29 21 13 1 22 14
split_gain=7.35002 6.30475 6.34795 8.6464 7.17055 5.78092 6.69392 5.74372 5.50264 5.8351 5.31592 5.25007 5.16915 5.17474 4.94039 5.18517 3.89154 4.81734 4.20513 3.88289 18.2403 16.3225 3.68904 3.41288 3.30663 2.93112 3.99493 3.27161 2.82106 2.73698
threshold=2.5000000000000004 130.72841690972226 0.81365740740740755 839.57821687551302 9.1360382000000033 0.79232720355104647 0.36180344478216825 8.1563925929465437 229.7164595413889 642.29709239892009 0.64685000000000015 3.480315414184028 113.76902076972223 0.8337719298245615 140.01739782861114 229.35372158750002 1.5000000000000002 7.1065678250000008 943.54922675101693 1.0000000180025095e-35 1.0000000180025095e-35 1.0000000180025095e-35 793.29763977332766 7.8435896647300352 1.0000000180025095e-35 39.498993600000013 5.5000000000000009 7.5363052648820643 678.23997757770542 0.48185000000000006
decision_type=2 2 2 2 2 2 2 2 2 2 2 2 2 2 2 2 2 2 2 2 2 2 2 2 2 2 2 2 2 2
left_child=1 5 3 4 -3 6 -1 19 -2 29 16 23 13 -9 -4 24 17 -11 -18 20 -7 -21 -6 -8 -16 26 -5 -27 -13 -10
right_child=8 2 14 25 22 7 11 12 9 10 -12 28 -14 -15 15 -17 18 -19 -20 21 -22 -23 -24 -25 -26 27 -28 -29 -30 -31
leaf_value=0.0092324030936298228 -0.011286532335510691 0.023079411062381528 0.021242414116594489 0.026493136954217015 -0.022097516290319016 -0.0050651826636870833 0.021369235093744287 0.002711995764013543 0.043381780349942285 -0.033447945259697957 0.016726857885871308 -0.0048428849099398236 -0.020523947882721352 0.020803622091668483 -0.010087226223879859 0.018978253963181604 -0.0026879361533999726 0.0019350663926988357 0.015992537102318575 0.0021895511063241744 0.0247434439398562 -0.035887232741888708 0.0063805721245554035 -0.012326233104079645 0.0021439563353265341 0.051281212584960781 -0.0029553150444075241 0.019535155186642849 -0.023408269575496129 0.015440244677211147
leaf_weight=27.262567698955536 27.506569772958755 16.72311919927597 18.992943681776524 21.650351047515869 23.481987752020359 438.42314127832651 10.987686067819597 286.48784010857344 12.390721976757051 11.982578940689566 69.275286741554737 21.682162500917912 16.290949441492558 35.114340856671333 99.755415566265583 19.978552892804146 53.499466121196747 19.234124459326267 43.49729935079813 60.438783034682274 44.919490069150925 35.502417586743832 14.179310895502566 11.433696188032625 80.002437546849251 12.261158317327501 15.54889692366123 17.260775715112686 78.87610799074173 19.085589855909348
leaf_count=168 147 87 98 111 124 2687 61 1666 61 61 398 146 85 186 546 108 272 100 224 369 220 255 74 61 405 62 80 87 513 110
internal_value=0.000446418 -0.000832 0.00449779 0.0127173 -0.000633739 -0.00253147 -0.0106833 -0.00118594 0.00743706 0.0097257 0.00677888 -0.0151372 0.0034704 0.00474571 -9.03033e-05 -0.00221455 0.00131602 -0.0122634 0.00576686 -0.00390326 -0.00224955 -0.0121254 -0.0114879 0.00439372 -0.00466191 0.0234483 0.0144289 0.0339682 -0.0194923 0.0274366
internal_weight=1663.73 1407.25 339.835 121.106 54.3844 1067.42 150.242 917.177 256.472 228.965 197.489 122.98 337.893 321.602 218.729 199.736 128.213 31.2167 96.9968 579.284 483.343 95.9412 37.6613 22.4214 179.758 66.7212 37.1992 29.5219 100.558 31.4763
internal_count=9572 8199 1782 625 285 6417 949 5468 1373 1226 1055 781 1937 1852 1157 1059 657 161 496 3531 2907 624 198 122 951 340 191 149 659 171
is_linear=0
shrinkage=0.045


Tree=71
num_leaves=31
num_cat=0
split_feature=34 5 26 4 0 22 22 33 0 34 3 3 8 20 21 13 11 14 21 26 0 14 3 3 0 20 22 22 0 22
split_gain=7.2753 7.47002 6.00622 10.003 5.40792 5.36023 4.95891 5.5301 10.8748 4.68457 4.4508 7.2163 7.84201 6.57103 6.88463 7.9052 7.7171 5.82078 5.80458 5.61776 8.33976 6.95171 6.41526 5.60861 5.57803 3.9207 3.59399 4.86998 3.41322 3.29439
threshold=0.25000000000000006 1.0000000180025095e-35 1.0000000180025095e-35 1.0000000180025095e-35 788.74000000000012 2479.9922125027801 461.39458746695965 1.5000000000000002 2443.1900000000005 0.18333333333333338 432.89418973236121 492.29821850875004 1.0000000180025095e-35 343.30335586357643 17.469974350000005 6.5000000000000009 1.0000000180025095e-35 0.41265000000000007 0.39543997500000005 1.0000000180025095e-35 1780.1650000000002 0.61045000000000016 227.77200418652782 180.9116163577778 6579.7850000000008 961.03724675207775 1094.3388989681309 680.80752235804482 22555.505000000001 2479.9922125027801
decision_type=2 2 2 2 2 2 2 2 2 2 2 2 2 2 2 2 2 2 2 2 2 2 2 2 2 2 2 2 2 2
left_child=1 2 3 4 -1 6 -3 8 -8 -6 13 12 -12 19 16 17 18 -16 -15 22 -21 -22 23 -2 -24 -18 27 -5 29 -13
right_child=10 5 -4 26 9 -7 7 -9 -10 -11 11 28 -14 14 15 -17 25 -19 -20 20 21 -23 24 -25 -26 -27 -28 -29 -30 -31
leaf_value=-0.0067415225134019553 0.022434886068325565 0.0089548826115831998 -0.023111309393009101 0.0057784961346959872 -0.0022895988578662584 0.012212946297720243 -0.034029259526433452 -0.037293542698030056 0.037947864295318261 0.03279776213301995 0.0062817103583278156 -0.0013967362510592704 -0.01697270261586167 -0.01221434897057448 -0.0084714763268766546 -0.020626438148321009 0.0031766827509975095 0.0066841469746011612 0.018841199326029442 -0.026141079908037882 -0.0071460903028692279 0.035489114417825721 0.010296220956217744 -0.0098387691043280018 0.028432077148209334 -0.027195372377427855 0.0093000030316684815 -0.030998129797529899 0.02076983995898599 0.0085731694367001694
leaf_weight=15.401607498526571 13.069254338741301 7.581710845232009 20.570162083953619 10.052703075110911 10.079936578869818 8.7215285748243314 9.6644669249653798 40.970016218721867 6.0836310386657706 30.076465643942356 39.83739198744297 503.70421286672354 106.21721558272839 13.619008831679819 103.41381953656673 51.454082973301411 18.568674340844154 99.930217199027538 80.539320379495621 21.996526107192039 19.411406107246879 11.602041251957415 182.36843237280846 47.596321508288383 42.133822374045849 14.750798642635344 10.601763546466826 23.114370625466108 15.361772157251833 76.408502168953419
leaf_count=91 70 63 194 97 63 56 96 393 58 176 222 2744 572 69 624 268 94 515 441 121 98 64 961 253 221 77 90 237 80 406
internal_value=-0.000342754 -0.00853288 -0.00157946 0.0030656 0.0156176 -0.0197744 -0.0242337 -0.0287484 -0.00561826 0.0241486 0.000743081 -0.00170324 -0.0106303 0.00325984 -0.000783499 -0.00505026 0.00771769 -0.00102722 0.0142682 0.00781926 -0.00555047 0.00941397 0.0103153 -0.00263495 0.0138109 -0.0106699 -0.0128602 -0.0200085 0.000500489 -7.10748e-05
internal_weight=1654.9 192.918 119.897 99.3268 55.558 73.0214 64.2998 56.7181 15.7481 40.1564 1461.98 741.529 146.055 720.454 382.276 254.798 127.478 203.344 94.1583 338.178 53.01 31.0134 285.168 60.6656 224.502 33.3195 43.7688 33.1671 595.474 580.113
internal_count=9514 1614 948 754 330 666 610 547 154 239 7900 4024 794 3876 2088 1407 681 1139 510 1788 283 162 1505 323 1182 171 424 334 3230 3150
is_linear=0
shrinkage=0.045


Tree=72
num_leaves=31
num_cat=0
split_feature=14 20 15 29 4 21 21 33 3 34 13 13 13 15 5 22 10 34 34 13 20 22 15 24 0 32 21 22 3 0
split_gain=8.00756 6.49653 8.05627 6.16778 9.97023 5.47611 9.69726 7.82497 7.582 4.71162 7.79901 5.8745 8.77508 7.40045 5.79731 4.68338 4.53761 5.15235 4.44004 4.6271 4.24226 5.17872 4.23157 4.22297 4.16769 3.77321 3.48986 2.94797 2.93485 2.58205
threshold=0.72705000000000009 261.53912624958338 18.959103569166672 1.0000000180025095e-35 1.0000000180025095e-35 42.587185958333343 21.89556889166667 3.5000000000000004 666.8892455629167 0.82958333333333345 2.5000000000000004 6.5000000000000009 8.5000000000000018 178.45563496666668 1.0000000180025095e-35 686.56483155594174 1.0000000180025095e-35 0.81348484848484859 0.78597308488612849 5.5000000000000009 4.4650896075578714 855.16123708357225 62.4245292551389 1.0000000180025095e-35 12224.325000000003 0.61901286378980036 76.806019075000009 734.8817505641307 590.59142225916673 6193.6400000000003
decision_type=2 2 2 2 2 2 2 2 2 2 2 2 2 2 2 2 2 2 2 2 2 2 2 2 2 2 2 2 2 2
left_child=3 16 -3 4 5 6 25 8 -7 11 -11 13 -13 14 -5 -8 -2 20 24 -20 21 -18 -19 -24 -6 -1 27 -12 -9 -4
right_child=1 2 29 9 18 7 15 28 -10 10 26 12 -14 -15 -16 -17 17 22 19 -21 -22 -23 23 -25 -26 -27 -28 -29 -30 -31
leaf_value=-0.015410269247063886 -0.0077020597084044278 -0.035716524866570801 0.0063268417483715155 0.0030036594473399061 -0.021002877403377734 0.0050326398215847041 -0.034690886279000389 -0.0048731234698143272 0.037478563833337634 0.042537832611272412 -0.001177391069247807 -0.02914787715426791 0.010190741611676657 0.021136581164061023 -0.0070538742746446498 -0.011798422291743252 0.036251530133395354 0.030600484809075734 0.027039799413947862 -0.015400452591968131 0.050980498840332567 -0.00034060644778350339 -0.016280920072313913 0.011150870895472731 0.010468169980388433 0.001631642802034768 -0.016636771426341842 0.015384524984666996 -0.027833663329019123 -0.0090973025990731277
leaf_weight=29.556852765381336 16.457296371459961 10.773816689848898 104.4245311319828 326.7650511264801 113.20101964846253 151.14295315742493 24.119755640625954 48.240453906357288 15.208476342260836 11.834523513913153 37.697821661829948 31.50437605381012 17.115000478923321 32.975739508867264 178.68450348824263 72.130195394158363 15.806447997689249 13.724653489887713 8.7131749764084834 10.250316254794596 12.292884975671766 14.63236593455076 15.012542478740214 38.312096551060677 8.6189553774893266 188.33433625474572 12.045176386833189 50.061136521399021 13.960984006524084 26.831757999956608
leaf_count=171 91 55 565 1467 1172 902 163 292 89 63 190 142 77 154 982 451 89 80 73 90 67 85 90 229 90 1051 60 254 85 142
internal_value=-0.000531647 0.00656851 -4.69091e-05 -0.00191349 -0.00494963 -0.0021693 -0.00601702 0.00312249 0.00820519 0.00105939 0.00948974 -0.000557227 -0.0153736 0.000806699 -0.000558747 -0.0178329 0.0139534 0.01724 -0.0155764 0.00447729 0.0293063 0.0192099 0.00923223 0.00327043 -0.0187091 -0.000739926 0.00518787 0.00833706 -0.0103854 0.00312885
internal_weight=1650.43 268.268 142.03 1382.16 683.477 542.694 314.141 228.553 166.351 698.683 111.639 587.045 48.6194 538.425 505.45 96.25 126.238 109.781 140.783 18.9635 42.7317 30.4388 67.0493 53.3246 121.82 217.891 99.8041 87.759 62.2014 131.256
internal_count=9511 1493 762 8018 4629 3204 1836 1368 991 3389 567 2822 219 2603 2449 614 731 640 1425 163 241 174 399 319 1262 1222 504 444 377 707
is_linear=0
shrinkage=0.045


Tree=73
num_leaves=29
num_cat=0
split_feature=20 19 3 3 3 20 21 20 2 32 13 2 5 21 3 4 31 2 22 0 0 0 9 2 3 32 22 25
split_gain=6.95605 5.48607 9.40383 8.90442 6.40966 8.17069 5.72586 6.41605 5.44398 5.27083 4.88812 4.84407 4.8089 4.14059 4.9348 4.7627 9.27834 6.30553 4.53203 4.07591 4.25767 3.97342 3.91413 3.59719 3.1908 2.89664 2.47695 1.60443
threshold=4.7304159880324077 2.5000000000000004 244.77975830097225 290.42318007236116 678.27753292472232 212.05129417083916 19.505653700000003 1228.6181986924828 0.45463618193889377 0.4272674466849225 6.5000000000000009 0.4947044733361714 1.0000000180025095e-35 51.95633045000001 680.43587340291685 1.0000000180025095e-35 1.0000000180025095e-35 0.8444723383443391 890.24913393229156 10754.255000000003 8400.8100000000031 5973.6900000000014 1.0000000180025095e-35 0.66993312284140749 476.55445712472226 0.43978021978021981 875.681723952011 1.5000000000000002
decision_type=2 2 2 2 2 2 2 2 2 2 2 2 2 2 2 2 2 2 2 2 2 2 2 2 2 2 2 2
left_child=8 6 -3 -4 5 -5 11 10 -1 24 22 -2 -12 14 21 17 -17 -15 -16 20 -13 -11 -8 -9 26 -25 -10 -21
right_child=1 2 3 4 -6 -7 7 23 9 13 12 19 -14 15 18 16 -18 -19 -20 27 -22 -23 -24 25 -26 -27 -28 -29
leaf_value=0.028672632170513322 -0.018806859580255821 -0.021031823044156118 0.045234551286595606 -0.019545176421946253 -0.02087902243769213 0.015383023793936508 -0.0087901774355547014 0.030484319839264112 0.013942350374217588 -0.0018741840034189564 -0.025419805106286057 0.0030592230731351956 -0.005374749483159429 -0.0093616935875509791 0.0028017970545977725 -0.028318530474723647 0.015308986901530951 0.023524135705965513 0.041463485850411513 0.0060946534836765296 -0.019277597614952912 0.011583754153877922 -0.00066706539110360035 0.023476249513286675 -0.024300622614776696 -0.00080937800396032992 -0.013522471063670216 0.027970984093755726
leaf_weight=17.674455136060715 20.426130842417479 21.130609139800072 12.587443999946116 14.937941312789915 14.071673758327959 94.145518943667412 259.66053567826748 9.6823203191161138 12.048741936683657 223.21015537530184 51.356846638023853 279.45760218799114 46.376350820064545 13.542628921568392 12.779991939663889 14.432356029748915 26.39428848028183 71.417606480419636 11.101659715175627 12.227878712117674 17.421550139784813 54.408705420792103 223.11415456235409 10.58874551206827 18.872506491839886 69.718451976776123 12.559097513556479 16.493102051317692
leaf_count=93 119 111 69 85 74 496 1920 59 64 1206 286 1625 219 72 66 127 121 360 61 67 96 291 1158 67 103 426 70 85
internal_value=0.00032084 -0.00155773 0.00624938 0.0106189 0.00674506 0.0104658 -0.00276751 -0.00519112 0.00482774 0.00387363 -0.00692388 0.00193017 -0.0160588 0.00539776 0.00251906 0.0122235 -0.000421809 0.0182342 0.0217182 0.00328468 0.00168813 0.000795458 -0.00504522 0.00593987 -0.0108888 0.00264211 -5.55444e-05 0.0191756
internal_weight=1661.84 1173.4 156.873 135.743 123.155 109.083 1016.52 670.497 488.442 470.768 580.508 346.026 97.7332 427.287 301.501 125.787 40.8266 84.9602 23.8817 325.6 296.879 277.619 482.775 89.9895 43.4803 80.3072 24.6078 28.721
internal_count=9596 6962 835 724 655 581 6127 4135 2634 2541 3583 1992 505 2304 1624 680 248 432 127 1873 1721 1497 3078 552 237 493 134 152
is_linear=0
shrinkage=0.045


Tree=74
num_leaves=31
num_cat=0
split_feature=25 19 32 3 22 0 32 21 22 22 3 26 7 29 22 21 20 3 29 3 22 22 20 13 14 20 21 34 3 0
split_gain=5.30062 11.9889 6.00929 5.75421 5.47476 5.77522 5.33945 6.6763 5.27852 5.47294 5.01805 4.39895 20.1337 7.18726 4.43211 4.28579 3.70895 3.69938 4.5957 4.24723 4.62186 4.34216 3.54112 3.49381 7.17971 3.77857 2.88602 2.86262 2.74506 1.69562
threshold=1.5000000000000002 2.5000000000000004 0.3510819077829388 231.54800288694449 3463.1240503938211 3132.1650000000004 0.66046390860308124 0.36420970000000003 609.90868425642873 434.34941050208437 276.31135244611119 1.0000000180025095e-35 1.0000000180025095e-35 1.0000000180025095e-35 916.99814364809231 11.420229025000001 291.92596618600697 192.04621149305555 1.0000000180025095e-35 240.25331624333339 708.23641569084509 923.73306214584898 1049.0555778027203 2.5000000000000004 0.67240000000000011 226.16248634046877 30.201122375000004 0.69895833333333346 512.06237485819463 1243.5300000000002
decision_type=2 2 2 2 2 2 2 2 2 2 2 2 2 2 2 2 2 2 2 2 2 2 2 2 2 2 2 2 2 2
left_child=1 2 -1 -3 6 26 27 -8 9 10 -2 17 13 22 -15 -12 -11 18 -10 20 -19 -21 -13 25 -25 -5 -6 -4 -17 -14
right_child=8 3 4 23 5 -7 7 -9 11 16 15 12 29 14 -16 28 -18 19 -20 21 -22 -23 -24 24 -26 -27 -28 -29 -30 -31
leaf_value=0.02844529399209688 0.028460516765854683 -0.01823221134334219 -0.014398860811826918 0.0094089244057006284 -0.019736230364172928 0.024084512464258787 0.022961288048373257 -0.0067380653225160942 0.031421927658309722 0.039285609642032947 0.018004086260504384 -0.013502298914315808 -0.046413858634161941 0.028510228397602609 0.0012725459192349179 -0.025327925834158261 0.01047563332134541 0.010537089545608475 -0.00087386061417827341 -0.0003476803789441443 -0.015350005350804918 0.0069996508222968318 0.014368367312919251 -0.010137154407085869 0.025179525049645688 0.037283175890246385 0.0079180064788849092 -0.038512211398741412 0.0018444075612536893 -0.023608363374344143
leaf_weight=9.4292269945144636 11.104822710156439 10.736628904938696 53.126678116619587 18.825097024440765 13.895468056201937 23.00637511909008 14.929815046489237 431.58277272433043 18.4173349365592 18.59248236566782 11.359085224568842 41.690248399972916 16.551982097327709 26.002225503325462 22.093116968870163 16.169425964355472 18.658128149807453 18.122720673680305 16.410559810698032 366.65793903172016 52.334198664873838 291.94598346203566 10.896544348448513 23.806882560253143 21.112992346286774 21.917064607143402 14.864632077515123 12.19383931905031 13.181430898606775 17.4218934699893
leaf_count=57 63 57 350 95 75 121 78 2647 110 106 63 255 115 124 107 94 113 103 81 2093 287 1633 73 131 122 110 79 62 77 107
internal_value=0.000109066 -0.00297976 -0.0054527 0.0116253 -0.00606921 0.00776663 -0.00748097 -0.00569593 0.00220365 0.0125903 0.00299753 0.00116126 -0.00630876 0.0038723 0.0162791 -0.00446406 0.0255064 0.00248458 0.0166048 0.00178822 -0.00863713 0.00291492 -0.00756684 0.0155348 0.00664905 0.0249377 -0.00565738 -0.0194131 -0.0134662 -0.0357286
internal_weight=1657.04 669.427 573.029 96.3987 563.6 51.7665 511.833 446.513 987.61 89.0654 51.8148 898.545 134.656 100.682 48.0953 40.7099 37.2506 763.889 34.8279 729.061 70.4569 658.604 52.5868 85.662 44.9199 40.7422 28.7601 65.3205 29.3509 33.9739
internal_count=9588 3984 3469 515 3412 275 3137 2725 5604 516 297 5088 781 559 231 234 219 4307 191 4116 390 3726 328 458 253 205 154 412 171 222
is_linear=0
shrinkage=0.045


Tree=75
num_leaves=31
num_cat=0
split_feature=9 5 5 26 13 0 4 32 20 20 29 3 34 29 6 11 21 22 0 3 21 21 20 0 21 33 26 8 22 13
split_gain=6.35633 18.0456 15.334 14.0413 11.3258 10.6234 8.88196 8.87292 7.51251 11.2566 6.87177 6.96358 6.41038 6.07531 5.47371 5.34719 5.27981 9.62455 7.23842 5.4157 5.3742 4.93109 4.53293 4.78107 4.2938 3.96669 3.77531 3.67676 3.65362 2.95576
threshold=1.0000000180025095e-35 1.0000000180025095e-35 1.0000000180025095e-35 1.0000000180025095e-35 1.0000000180025095e-35 4382.8400000000011 1.0000000180025095e-35 0.46085772634445205 1255.5352754645257 1204.7147955033681 1.0000000180025095e-35 670.48463753750013 0.53166666666666684 1.0000000180025095e-35 1.0000000180025095e-35 1.0000000180025095e-35 13.349123341666669 3520.1202160099497 4623.1800000000012 612.2176545398612 30.626797266666671 81.915557416666687 241.29798692847802 1376.2350000000004 5.9162555416666676 3.5000000000000004 1.0000000180025095e-35 1.0000000180025095e-35 696.36198977709853 1.5000000000000002
decision_type=2 2 2 2 2 2 2 2 2 2 2 2 2 2 2 2 2 2 2 2 2 2 2 2 2 2 2 2 2 2
left_child=1 3 13 6 -4 28 21 -3 9 12 27 -12 -6 14 15 26 18 20 19 -9 -18 24 23 -16 -1 -24 -2 -8 -5 -15
right_child=2 7 4 5 8 -7 10 16 -10 -11 11 -13 -14 29 22 -17 17 -19 -20 -21 -22 -23 25 -25 -26 -27 -28 -29 -30 -31
leaf_value=0.02379000844297104 -0.0036357583739158096 -0.038019057220252846 0.03287403813698099 -0.0052839243797131582 -0.013193144983474962 0.011110063066998029 -0.029701011591326605 0.017911807208067971 0.026389220504419917 -0.035393945888346386 0.0089175427628158371 -0.024128267307704648 0.0071819602411999361 0.016903831182710799 -0.0067550934813541902 -0.02784069924175982 -0.035903233003288036 0.018037214692491213 -0.025503180047602259 -0.017936593526522916 -0.013913814009491087 0.04018440609104041 -0.0031748027000326235 0.019868689748723786 0.0064787805878899745 -0.029170891564675887 -0.029858640283198935 -0.0057155417800468242 -0.031497039575428404 -0.00032975999263884048
leaf_weight=38.373060472309589 65.604767195880413 25.920753035694361 32.621027685701847 14.832031972706316 33.210501626133919 22.197210401296616 18.564318552613258 35.507944826036692 32.186183661222458 13.123656734824179 106.50247000157833 13.704874649643896 372.64566361904144 20.856039598584175 24.349837929010391 43.651880748569965 28.379562627524137 15.360042579472063 14.875368118286131 10.258566103875635 109.78367134928703 11.858618170022963 46.168964214622974 29.017521530389786 115.22982401400805 15.149599708616732 12.483126252889631 40.161298491060734 43.283969897776842 258.22673271596432
leaf_count=179 546 208 144 105 146 121 207 232 158 60 483 63 1889 92 104 441 229 81 85 64 855 62 218 124 625 72 98 446 313 1195
internal_value=-0.000354732 -0.00376145 0.00191312 0.00181626 0.00765963 -0.0150129 0.00577295 -0.0135949 0.00576786 0.00412466 -0.00118091 0.004982 0.00548637 -0.00348416 -0.00877566 -0.0153812 -0.0104759 -0.014892 0.000764262 0.00966467 -0.0186561 0.0132549 -0.00169149 0.00782029 0.0109294 -0.00996253 -0.00815228 -0.0136682 -0.0250096 0.00101387
internal_weight=1664.09 664.794 999.296 424.708 483.787 80.3132 344.394 240.086 451.166 418.98 178.933 120.207 405.856 515.508 236.426 121.74 214.165 153.523 60.6419 45.7665 138.163 165.462 114.686 53.3674 153.603 61.3186 78.0879 58.7256 58.116 279.083
internal_count=9645 4358 5287 2604 2397 539 2065 1754 2253 2095 1199 546 2035 2890 1603 1085 1546 1165 381 296 1084 866 518 228 804 290 644 653 418 1287
is_linear=0
shrinkage=0.045


end of trees

feature_importances:
account_age_days=220
login_to_order_minutes=202
prior_dispute_count=199
ip_offshore_distance_km=161
evidence_completeness_score=158
amount_inr=143
three_ds_authenticated=140
pod_ocr_confidence=132
delivery_lag_hours=111
reason_is_non_receipt=105
window_hours=101
reason_is_fraud=73
pod_scan_count=63
refund_requested=56
reason_is_not_as_described=52
merchant_comms_count=51
pod_present=48
reason_is_credit_not_processed=41
item_count=35
amount_to_order_ratio=31
billing_shipping_match=31
recipient_name_match=17
liability_shift=16
log_amount=14
ip_is_offshore=13
pod_low_confidence=10
network_is_visa=9
user_agent_is_mobile=9
avs_match=8
delivered_before_dispute=7
pod_signature_captured=6
cvv_match=6
pod_verified=5
three_ds_failed=4

parameters:
[boosting: gbdt]
[objective: binary]
[metric: auc,binary_logloss]
[tree_learner: serial]
[device_type: cpu]
[data_sample_strategy: bagging]
[data: ]
[valid: ]
[num_iterations: 900]
[learning_rate: 0.045]
[num_leaves: 31]
[num_threads: 1]
[seed: 20260934]
[deterministic: 1]
[force_col_wise: 0]
[force_row_wise: 1]
[histogram_pool_size: -1]
[max_depth: 6]
[min_data_in_leaf: 60]
[min_sum_hessian_in_leaf: 0.001]
[bagging_fraction: 0.85]
[pos_bagging_fraction: 1]
[neg_bagging_fraction: 1]
[bagging_freq: 1]
[bagging_seed: 20260935]
[bagging_by_query: 0]
[feature_fraction: 0.85]
[feature_fraction_bynode: 1]
[feature_fraction_seed: 20260936]
[extra_trees: 0]
[extra_seed: 29931]
[early_stopping_round: 0]
[early_stopping_min_delta: 0]
[first_metric_only: 0]
[max_delta_step: 0]
[lambda_l1: 0]
[lambda_l2: 1]
[linear_lambda: 0]
[min_gain_to_split: 0]
[drop_rate: 0.1]
[max_drop: 50]
[skip_drop: 0.5]
[xgboost_dart_mode: 0]
[uniform_drop: 0]
[drop_seed: 10743]
[top_rate: 0.2]
[other_rate: 0.1]
[min_data_per_group: 100]
[max_cat_threshold: 32]
[cat_l2: 10]
[cat_smooth: 10]
[max_cat_to_onehot: 4]
[top_k: 20]
[monotone_constraints: ]
[monotone_constraints_method: basic]
[monotone_penalty: 0]
[feature_contri: ]
[forcedsplits_filename: ]
[refit_decay_rate: 0.9]
[cegb_tradeoff: 1]
[cegb_penalty_split: 0]
[cegb_penalty_feature_lazy: ]
[cegb_penalty_feature_coupled: ]
[path_smooth: 0]
[interaction_constraints: ]
[verbosity: -1]
[saved_feature_importance_type: 0]
[use_quantized_grad: 0]
[num_grad_quant_bins: 4]
[quant_train_renew_leaf: 0]
[stochastic_rounding: 1]
[linear_tree: 0]
[max_bin: 255]
[max_bin_by_feature: ]
[min_data_in_bin: 3]
[bin_construct_sample_cnt: 200000]
[data_random_seed: 20260937]
[is_enable_sparse: 1]
[enable_bundle: 1]
[use_missing: 1]
[zero_as_missing: 0]
[feature_pre_filter: 1]
[pre_partition: 0]
[two_round: 0]
[header: 0]
[label_column: ]
[weight_column: ]
[group_column: ]
[ignore_column: ]
[categorical_feature: ]
[forcedbins_filename: ]
[precise_float_parser: 0]
[parser_config_file: ]
[objective_seed: 19622]
[num_class: 1]
[is_unbalance: 0]
[scale_pos_weight: 1]
[sigmoid: 1]
[boost_from_average: 1]
[reg_sqrt: 0]
[alpha: 0.9]
[fair_c: 1]
[poisson_max_delta_step: 0.7]
[tweedie_variance_power: 1.5]
[lambdarank_truncation_level: 30]
[lambdarank_norm: 1]
[label_gain: ]
[lambdarank_position_bias_regularization: 0]
[eval_at: ]
[multi_error_top_k: 1]
[auc_mu_weights: ]
[num_machines: 1]
[local_listen_port: 12400]
[time_out: 120]
[machine_list_filename: ]
[machines: ]
[gpu_platform_id: -1]
[gpu_device_id: -1]
[gpu_device_id_list: ]
[gpu_use_dp: 0]
[num_gpu: 1]

end of parameters

pandas_categorical:null
